wavenumber_cm_inv,frequency_ghz,monopole_intensity_mjy_sr,residual_kjy_sr,sigma_kjy_sr,galaxy_kjy_sr
2.27,68.052887966,200.723,5.0,14.0,4.0
2.72,81.543548576,249.508,9.0,19.0,3.0
3.18,95.33400164400001,293.024,15.0,25.0,-1.0
3.63,108.824662254,327.77,4.0,23.0,-1.0
4.08,122.31532286400001,354.081,19.0,22.0,3.0
4.54,136.105775932,372.079,-30.0,21.0,6.0
4.99,149.59643654200002,381.493,-30.0,18.0,8.0
5.45,163.38688961,383.478,-10.0,18.0,8.0
5.9,176.87755022000002,378.901,32.0,16.0,10.0
6.35,190.36821083,368.833,4.0,14.0,10.0
6.81,204.158663898,354.063,-2.0,13.0,12.0
7.26,217.649324508,336.278,13.0,12.0,20.0
7.71,231.139985118,316.076,-22.0,11.0,25.0
8.17,244.930438186,293.924,8.0,10.0,30.0
8.62,258.42109879599997,271.432,8.0,11.0,36.0
9.08,272.211551864,248.239,-21.0,12.0,41.0
9.53,285.70221247399996,225.94,9.0,14.0,46.0
9.98,299.19287308400004,204.327,12.0,16.0,57.0
10.44,312.983326152,183.262,11.0,18.0,65.0
10.89,326.47398676200004,163.83,-29.0,22.0,73.0
11.34,339.964647372,145.75,-46.0,22.0,93.0
11.8,353.75510044000004,128.835,58.0,23.0,98.0
12.25,367.24576105,113.568,6.0,23.0,105.0
12.71,381.03621411800003,99.451,-6.0,23.0,121.0
13.16,394.526874728,87.036,6.0,22.0,135.0
13.61,408.017535338,75.876,-17.0,21.0,147.0
14.07,421.80798840600005,65.766,6.0,20.0,160.0
14.52,435.298649016,57.008,26.0,19.0,178.0
14.97,448.78930962600003,49.223,-12.0,19.0,199.0
15.43,462.579762694,42.267,-19.0,19.0,221.0
15.88,476.07042330400003,36.352,8.0,21.0,227.0
16.34,489.860876372,31.062,7.0,23.0,250.0
16.79,503.35153698199997,26.58,14.0,26.0,275.0
17.24,516.8421975919999,22.644,-33.0,28.0,295.0
17.7,530.63265066,19.255,6.0,30.0,312.0
18.15,544.1233112699999,16.391,26.0,32.0,336.0
18.61,557.913764338,13.811,-26.0,33.0,363.0
19.06,571.4044249479999,11.716,-6.0,35.0,405.0
19.51,584.8950855580001,9.921,8.0,41.0,421.0
19.97,598.685538626,8.364,26.0,55.0,435.0
20.42,612.1761992360001,7.087,57.0,88.0,477.0
20.87,625.6668598460001,5.801,-116.0,155.0,519.0
21.33,639.457312914,4.523,-432.0,282.0,573.0
