ell,D_ell
2,6.714112337268113e-10
3,5.668519366755504e-10
4,4.890221185578409e-10
5,4.305871638461524e-10
6,3.860331212497745e-10
7,3.5149429662214724e-10
8,3.243049040402989e-10
9,3.0249701380118687e-10
10,2.84826732190354e-10
11,2.702888605491679e-10
12,2.581115942618468e-10
13,2.4788062890340174e-10
14,2.3920621036532914e-10
15,2.3179653378073866e-10
16,2.2551494145497406e-10
17,2.2015505106359653e-10
18,2.1556069179413324e-10
19,2.1170079605401013e-10
20,2.0837907074843517e-10
21,2.05559518004744e-10
22,2.031546833235625e-10
23,2.011350331757345e-10
24,1.994255457711072e-10
25,1.9801808275280048e-10
26,1.9687737051735535e-10
27,1.9597297854337246e-10
28,1.9525137153417237e-10
29,1.947264474437878e-10
30,1.9440195573047138e-10
31,1.9425195971741881e-10
32,1.9427152318431006e-10
33,1.9443817603533993e-10
34,1.9471247614045734e-10
35,1.9509822952526743e-10
36,1.9559936249796147e-10
37,1.9620874305182353e-10
38,1.9693074973507216e-10
39,1.9776357204440798e-10
40,1.9869146870570923e-10
41,1.9969226781761797e-10
42,2.0076599762129645e-10
43,2.0191333973369555e-10
44,2.0312689628823803e-10
45,2.0439529101491873e-10
46,2.057186364584464e-10
47,2.0709646232131805e-10
48,2.085228606984798e-10
49,2.099860416346252e-10
50,2.1147343852864824e-10
51,2.129896891834985e-10
52,2.1454276726259416e-10
53,2.1613868009855017e-10
54,2.1778128541975462e-10
55,2.1947103332356926e-10
56,2.2120124608725448e-10
57,2.2296059316441773e-10
58,2.247338647212495e-10
59,2.2650174648959074e-10
60,2.282405946200008e-10
61,2.2993208084910238e-10
62,2.315951672303743e-10
63,2.3326094161037194e-10
64,2.3496346691996816e-10
65,2.367398692050286e-10
66,2.386304256570878e-10
67,2.406786526440242e-10
68,2.429212382054213e-10
69,2.453552739395764e-10
70,2.47964511069547e-10
71,2.5072875987896846e-10
72,2.536237180103683e-10
73,2.5662079876348093e-10
74,2.5968695939356227e-10
75,2.627845294097044e-10
76,2.6587936455787566e-10
77,2.6896740494914434e-10
78,2.720526704875554e-10
79,2.751393638663162e-10
80,2.7823186959101976e-10
81,2.813347530028682e-10
82,2.8445275930189707e-10
83,2.8759081257019753e-10
84,2.9075442976156125e-10
85,2.939510436651857e-10
86,2.9718889849017974e-10
87,3.0047666030818665e-10
88,3.0382342305083455e-10
89,3.072387145071838e-10
90,3.107325023211772e-10
91,3.1431519998908874e-10
92,3.179976728569727e-10
93,3.2178835118814013e-10
94,3.256840596623081e-10
95,3.296778133034487e-10
96,3.3376155425487776e-10
97,3.3792611806592954e-10
98,3.4216119997863047e-10
99,3.464553212143728e-10
100,3.507957952605885e-10
101,3.5516869415742396e-10
102,3.5955881478441237e-10
103,3.63949645147149e-10
104,3.683271715835447e-10
105,3.7269195871994465e-10
106,3.770486460863537e-10
107,3.8140226130871784e-10
108,3.8575822860350653e-10
109,3.901223772722932e-10
110,3.945009501963369e-10
111,3.989006123311637e-10
112,4.033284592011481e-10
113,4.0779202539409456e-10
114,4.1229929305581824e-10
115,4.1685870038472723e-10
116,4.2147741854105824e-10
117,4.261559265460649e-10
118,4.308927896741613e-10
119,4.356863252783044e-10
120,4.4053459597435995e-10
121,4.454354028254687e-10
122,4.5038627852641295e-10
123,4.5538448058798183e-10
124,4.604269845213382e-10
125,4.6551047702238456e-10
126,4.706313491561286e-10
127,4.757856895410501e-10
128,4.809692775334669e-10
129,4.861780742035662e-10
130,4.9140977063637e-10
131,4.966623973918144e-10
132,5.019338387167656e-10
133,5.072218292914012e-10
134,5.125239509755918e-10
135,5.178376295552829e-10
136,5.231601314888763e-10
137,5.284885606536121e-10
138,5.338198550919493e-10
139,5.391507837579486e-10
140,5.444779432636536e-10
141,5.497977546254723e-10
142,5.551064600105581e-10
143,5.604001194831931e-10
144,5.656754071350595e-10
145,5.709320948037286e-10
146,5.761708081704965e-10
147,5.813922506924354e-10
148,5.865972049429346e-10
149,5.917865339522437e-10
150,5.969611825480128e-10
151,6.021221786958361e-10
152,6.072706348397925e-10
153,6.124077492429882e-10
154,6.17534807328099e-10
155,6.226531830179108e-10
156,6.277643400758632e-10
157,6.328698334465899e-10
158,6.379713105964621e-10
159,6.43070512854129e-10
160,6.481692767510606e-10
161,6.532689353761054e-10
162,6.583684601321459e-10
163,6.634661564469947e-10
164,6.685602475709999e-10
165,6.736488731571275e-10
166,6.787300878410416e-10
167,6.838018598211886e-10
168,6.888620694388766e-10
169,6.939085077583598e-10
170,6.989388751469183e-10
171,7.039507798549411e-10
172,7.089417365960076e-10
173,7.139091651269704e-10
174,7.188503888280358e-10
175,7.237626332828461e-10
176,7.286430248585627e-10
177,7.334885892859463e-10
178,7.382962502394399e-10
179,7.430628279172502e-10
180,7.477853287814598e-10
181,7.5246184349909e-10
182,7.570907178162389e-10
183,7.616702674671485e-10
184,7.661987778266993e-10
185,7.706745035629046e-10
186,7.750956682894049e-10
187,7.794604642179622e-10
188,7.837670518109564e-10
189,7.880135594338771e-10
190,7.921980830078192e-10
191,7.963186856619794e-10
192,8.00373397386147e-10
193,8.043602146832012e-10
194,8.082771002216054e-10
195,8.121219824879007e-10
196,8.158927554392004e-10
197,8.195872781556859e-10
198,8.232033744930999e-10
199,8.267388327352419e-10
200,8.301914052464615e-10
201,8.335592165348015e-10
202,8.368420206467325e-10
203,8.400400330239122e-10
204,8.431535310193196e-10
205,8.461828547568162e-10
206,8.49128407990704e-10
207,8.519906589652887e-10
208,8.547701412744367e-10
209,8.574674547211378e-10
210,8.600832661770634e-10
211,8.62618310442128e-10
212,8.650733911040487e-10
213,8.674493813979053e-10
214,8.697472250657005e-10
215,8.719679372159205e-10
216,8.741126051830947e-10
217,8.761823893873551e-10
218,8.781785241939984e-10
219,8.801023187730443e-10
220,8.819551579587962e-10
221,8.837385031094019e-10
222,8.854538929664129e-10
223,8.87102944514345e-10
224,8.886869605935056e-10
225,8.902057229303016e-10
226,8.916586231598223e-10
227,8.930450490203825e-10
228,8.943643842767801e-10
229,8.956160086435548e-10
230,8.967992977082475e-10
231,8.979136228546575e-10
232,8.989583511861013e-10
233,8.999328454486709e-10
234,9.008364639544922e-10
235,9.016685605049841e-10
236,9.024284843141156e-10
237,9.031155799316649e-10
238,9.037291871664781e-10
239,9.04268641009727e-10
240,9.047332715581679e-10
241,9.051224039373996e-10
242,9.05435358225122e-10
243,9.056714493743952e-10
244,9.058299871368957e-10
245,9.059102759861778e-10
246,9.059116150409299e-10
247,9.05833297988233e-10
248,9.056746130068205e-10
249,9.05434842690335e-10
250,9.051134339469988e-10
251,9.047105187305953e-10
252,9.04226423218129e-10
253,9.036615007850928e-10
254,9.030161322537846e-10
255,9.022907261416178e-10
256,9.01485718909436e-10
257,9.006015752098247e-10
258,8.99638788135424e-10
259,8.985978794672424e-10
260,8.974793999229692e-10
261,8.962839294052872e-10
262,8.950120772501861e-10
263,8.936644824752751e-10
264,8.922418140280953e-10
265,8.907447710344337e-10
266,8.891740830466348e-10
267,8.875305102919151e-10
268,8.858148439206737e-10
269,8.84027906254807e-10
270,8.821705510360218e-10
271,8.802436636741468e-10
272,8.782481614954457e-10
273,8.761849939909315e-10
274,8.740551430646777e-10
275,8.71859623282132e-10
276,8.695994821184294e-10
277,8.672758002067047e-10
278,8.648896915864048e-10
279,8.624421785446735e-10
280,8.599338084520812e-10
281,8.573650175593955e-10
282,8.547362546718721e-10
283,8.520479812049269e-10
284,8.493006712398137e-10
285,8.464948115792992e-10
286,8.436309018033383e-10
287,8.407094543247494e-10
288,8.37730994444891e-10
289,8.346960604093359e-10
290,8.316052034635468e-10
291,8.284589879085532e-10
292,8.252579911566254e-10
293,8.220028037869509e-10
294,8.186940296013094e-10
295,8.153322856797489e-10
296,8.119182024362599e-10
297,8.084524236744525e-10
298,8.049356066432312e-10
299,8.013684220924705e-10
300,7.977515543286903e-10
301,7.94085701270731e-10
302,7.903715745054304e-10
303,7.866098993432975e-10
304,7.828014148741894e-10
305,7.789468740229854e-10
306,7.750470436052643e-10
307,7.711027043829783e-10
308,7.671146511201292e-10
309,7.630836926384441e-10
310,7.590106518730507e-10
311,7.548963659281525e-10
312,7.50741696284583e-10
313,7.465475598317253e-10
314,7.423148993842323e-10
315,7.380446737278267e-10
316,7.337378576874522e-10
317,7.293954421954217e-10
318,7.250184343595697e-10
319,7.206078575314012e-10
320,7.16164751374242e-10
321,7.116901719313888e-10
322,7.071851916942603e-10
323,7.026508996705462e-10
324,6.980884014523574e-10
325,6.934988192843775e-10
326,6.88883292132011e-10
327,6.842429757495357e-10
328,6.795790427482509e-10
329,6.748926826646286e-10
330,6.701851020284632e-10
331,6.654575244310224e-10
332,6.607111905931967e-10
333,6.559473584336495e-10
334,6.511673031369677e-10
335,6.463723172218122e-10
336,6.415637106090663e-10
337,6.367428106899885e-10
338,6.319109623943607e-10
339,6.270695282586389e-10
340,6.222198884941036e-10
341,6.173634410550098e-10
342,6.125016017067371e-10
343,6.076358040939402e-10
344,6.027674998086988e-10
345,5.978981584586674e-10
346,5.930292677352263e-10
347,5.881623334816316e-10
348,5.832988797611642e-10
349,5.784403385764482e-10
350,5.735877138321273e-10
351,5.687419035475308e-10
352,5.639038089059283e-10
353,5.590743342142737e-10
354,5.542543868629484e-10
355,5.494448772855045e-10
356,5.446467189184093e-10
357,5.398608281607886e-10
358,5.350881243341699e-10
359,5.303295296422264e-10
360,5.255859691305209e-10
361,5.208583706462488e-10
362,5.161476647979818e-10
363,5.114547849154125e-10
364,5.067806670090964e-10
365,5.021262497301971e-10
366,4.974924743302286e-10
367,4.928802846207999e-10
368,4.882906269333582e-10
369,4.837244500789324e-10
370,4.791827053078771e-10
371,4.746663462696158e-10
372,4.701763289723849e-10
373,4.65713611742977e-10
374,4.612791551864848e-10
375,4.5687392214604476e-10
376,4.5249887766258013e-10
377,4.481549889345451e-10
378,4.438432252776688e-10
379,4.3956455808469796e-10
380,4.3531996078514084e-10
381,4.311104088050116e-10
382,4.2693687952657303e-10
383,4.2280035224808043e-10
384,4.1870180814352537e-10
385,4.146422302223793e-10
386,4.10622603289337e-10
387,4.066439139040603e-10
388,4.0270707274879834e-10
389,3.9881267861208646e-10
390,3.949612454976669e-10
391,3.911532793178313e-10
392,3.873892777914742e-10
393,3.8366973034214565e-10
394,3.7999511799610514e-10
395,3.763659132803744e-10
396,3.7278258012079044e-10
397,3.6924557374005935e-10
398,3.657553405558093e-10
399,3.623123180786434e-10
400,3.589169348101931e-10
401,3.5556961014117183e-10
402,3.5227075424942807e-10
403,3.4902076799799805e-10
404,3.458200428331594e-10
405,3.4266896068248453e-10
406,3.3956789385289356e-10
407,3.365172049287076e-10
408,3.33517246669702e-10
409,3.3056836190915965e-10
410,3.276708834519242e-10
411,3.248251339724531e-10
412,3.220314259128711e-10
413,3.1929006138102316e-10
414,3.1660133204852804e-10
415,3.1396551904883117e-10
416,3.1138289287525816e-10
417,3.0885371327906783e-10
418,3.0637822916750564e-10
419,3.039566785018566e-10
420,3.0158928819549886e-10
421,2.9927627401195657e-10
422,2.9701784046295347e-10
423,2.948141807064659e-10
424,2.9266547644477603e-10
425,2.905718978225251e-10
426,2.8853360332476675e-10
427,2.8655071705805363e-10
428,2.846232599501173e-10
429,2.8275121600905805e-10
430,2.809345546123882e-10
431,2.7917323039023465e-10
432,2.774671831085414e-10
433,2.758163375522722e-10
434,2.742206034086134e-10
435,2.7267987515017624e-10
436,2.711940319181999e-10
437,2.697629374057536e-10
438,2.683864397409395e-10
439,2.6706437137009563e-10
440,2.657965489409979e-10
441,2.645827731860633e-10
442,2.6342282880555207e-10
443,2.6231648435077064e-10
444,2.612634921072739e-10
445,2.602635879780686e-10
446,2.5931649136681506e-10
447,2.584219050610301e-10
448,2.5757951511529007e-10
449,2.567889907344329e-10
450,2.560499841567611e-10
451,2.553621305372444e-10
452,2.547250478307221e-10
453,2.5413833667510577e-10
454,2.536015802745822e-10
455,2.5311434428281547e-10
456,2.526761766861503e-10
457,2.522866076868139e-10
458,2.519451495861192e-10
459,2.516512966676671e-10
460,2.5140452508054927e-10
461,2.5120429272255084e-10
462,2.5105003912335285e-10
463,2.50941185327735e-10
464,2.508771337787781e-10
465,2.5085726820106724e-10
466,2.5088099511693294e-10
467,2.509478700582336e-10
468,2.510574750623259e-10
469,2.512093773014026e-10
470,2.514031289886522e-10
471,2.5163826728441875e-10
472,2.5191431420236137e-10
473,2.52230776515614e-10
474,2.525871456629451e-10
475,2.5298289765491746e-10
476,2.534174929800478e-10
477,2.538903765109667e-10
478,2.5440097741057757e-10
479,2.549487090382175e-10
480,2.555329688558159e-10
481,2.56153138334055e-10
482,2.5680858285852904e-10
483,2.57498651635904e-10
484,2.5822267760007763e-10
485,2.58979977318339e-10
486,2.5976985089752796e-10
487,2.6059158189019526e-10
488,2.61444437200762e-10
489,2.623276669916792e-10
490,2.6324050458958786e-10
491,2.6418216639147846e-10
492,2.651518517708507e-10
493,2.6614874298387314e-10
494,2.671720050755429e-10
495,2.6822078578584553e-10
496,2.692942154559145e-10
497,2.703914069341911e-10
498,2.7151145548258394e-10
499,2.726534386826288e-10
500,2.7381641634164833e-10
501,2.7499943039891165e-10
502,2.762015048317941e-10
503,2.774216455619371e-10
504,2.7865884036140746e-10
505,2.799121463004778e-10
506,2.811809550522426e-10
507,2.8246473504620975e-10
508,2.8376294456529405e-10
509,2.8507503169308765e-10
510,2.864004342611304e-10
511,2.8773857979618007e-10
512,2.8908888546748234e-10
513,2.9045075803404184e-10
514,2.9182359379189183e-10
515,2.932067785213647e-10
516,2.945996874343626e-10
517,2.9600168512162716e-10
518,2.974121255000104e-10
519,2.988303517597445e-10
520,3.002556963117125e-10
521,3.016874807347187e-10
522,3.0312501572275836e-10
523,3.0456760103228876e-10
524,3.0601452542949896e-10
525,3.074650666375806e-10
526,3.089184912839976e-10
527,3.103740548477572e-10
528,3.1183100160667944e-10
529,3.132885645846683e-10
530,3.1474596549898155e-10
531,3.16202414707501e-10
532,3.176571111560032e-10
533,3.1910924232542946e-10
534,3.2055798417915605e-10
535,3.220025011102648e-10
536,3.2344194588881343e-10
537,3.2487545960910563e-10
538,3.263021716369614e-10
539,3.277211995569875e-10
540,3.291316491198479e-10
541,3.305326141895337e-10
542,3.319231766906335e-10
543,3.333024065556044e-10
544,3.346694648247794e-10
545,3.36023916085758e-10
546,3.373654242905809e-10
547,3.3869365034840136e-10
548,3.40008252114507e-10
549,3.4130888437934067e-10
550,3.425951988575219e-10
551,3.438668441768683e-10
552,3.451234658674162e-10
553,3.463647063504431e-10
554,3.4759020492748776e-10
555,3.4879959776937244e-10
556,3.4999251790522347e-10
557,3.5116859521149295e-10
558,3.5232745640097993e-10
559,3.534687250118517e-10
560,3.5459202139666527e-10
561,3.5569696271138785e-10
562,3.5678316290441936e-10
563,3.57850232705613e-10
564,3.588977796152963e-10
565,3.5992540789329314e-10
566,3.609327185479444e-10
567,3.6191930932512955e-10
568,3.62884774697288e-10
569,3.638287058524401e-10
570,3.647506906832087e-10
571,3.6565031377584035e-10
572,3.665271563992265e-10
573,3.673807964939247e-10
574,3.6821080866118037e-10
575,3.690167641519477e-10
576,3.697982308559107e-10
577,3.7055477329050517e-10
578,3.712859525899394e-10
579,3.719913264942155e-10
580,3.726704493381513e-10
581,3.7332287204040086e-10
582,3.7394814209247606e-10
583,3.745458820399618e-10
584,3.751160271022786e-10
585,3.7565859346735046e-10
586,3.7617360035325416e-10
587,3.766610700249053e-10
588,3.771210278107441e-10
589,3.775535021194216e-10
590,3.7795852445648526e-10
591,3.783361294410656e-10
592,3.7868635482256165e-10
593,3.7900924149732734e-10
594,3.7930483352535736e-10
595,3.7957317814697306e-10
596,3.7981432579950857e-10
597,3.80028330133997e-10
598,3.8021524803185587e-10
599,3.8037513962157407e-10
600,3.805080682953967e-10
601,3.8061410072601214e-10
602,3.8069330688323744e-10
603,3.807457600507044e-10
604,3.8077153684254573e-10
605,3.8077071722008116e-10
606,3.807433845085031e-10
607,3.806896254135629e-10
608,3.8060953003825686e-10
609,3.805031918995121e-10
610,3.803707079448726e-10
611,3.8021217856918554e-10
612,3.800277076312867e-10
613,3.798174024706869e-10
614,3.79581373924258e-10
615,3.7931973634291857e-10
616,3.7903260760832056e-10
617,3.7872010914953465e-10
618,3.783823659597364e-10
619,3.780195066128925e-10
620,3.7763166328044665e-10
621,3.772189717480056e-10
622,3.767815992320733e-10
623,3.763198285119955e-10
624,3.758339758018244e-10
625,3.7532436315391284e-10
626,3.747913184842097e-10
627,3.742351755975542e-10
628,3.7365627421297175e-10
629,3.730549599889679e-10
630,3.7243158454882354e-10
631,3.7178650550589075e-10
632,3.7112008648888615e-10
633,3.7043269716718704e-10
634,3.6972471327612573e-10
635,3.689965166422847e-10
636,3.682484952087916e-10
637,3.6748104306061375e-10
638,3.6669456044985364e-10
639,3.658894538210433e-10
640,3.650661358364397e-10
641,3.6422502540131935e-10
642,3.6336654768927333e-10
643,3.624911341675023e-10
644,3.6159922262211127e-10
645,3.606912571834045e-10
646,3.597676883511808e-10
647,3.5882897302002784e-10
648,3.578755745046177e-10
649,3.569079625650012e-10
650,3.5592661343190337e-10
651,3.5493200983201807e-10
652,3.539246410133028e-10
653,3.5290500277027387e-10
654,3.518735974693016e-10
655,3.5083093407390414e-10
656,3.4977752817004396e-10
657,3.4871390199142123e-10
658,3.4764058444477003e-10
659,3.465581111351525e-10
660,3.454670243912538e-10
661,3.4436784858797065e-10
662,3.4326101546563887e-10
663,3.4214693721399104e-10
664,3.4102603104423617e-10
665,3.398987192075802e-10
666,3.387654290137465e-10
667,3.376265928494964e-10
668,3.364826481971502e-10
669,3.353340376531071e-10
670,3.3418120894636643e-10
671,3.3302461495704765e-10
672,3.318647137349115e-10
673,3.3070196851788016e-10
674,3.2953684775055823e-10
675,3.2836982510275307e-10
676,3.2720137948799517e-10
677,3.2603199508205937e-10
678,3.2486216134148503e-10
679,3.236923730220966e-10
680,3.225231301975243e-10
681,3.213549382777249e-10
682,3.2018830802750173e-10
683,3.190237555850261e-10
684,3.1786180248035745e-10
685,3.1670297565396364e-10
686,3.1554780747524214e-10
687,3.1439683576104037e-10
688,3.1325060379417615e-10
689,3.121096603419584e-10
690,3.1097455967470777e-10
691,3.0984586158427745e-10
692,3.0872413140257317e-10
693,3.0760994002007446e-10
694,3.0650386390435464e-10
695,3.0540648511860197e-10
696,3.0431839134013987e-10
697,3.032401758789477e-10
698,3.021724376961811e-10
699,3.011157814226931e-10
700,3.000707597017286e-10
701,2.990376988616655e-10
702,2.9801686964863e-10
703,2.9700854457786784e-10
704,2.9601299793816027e-10
705,2.950305057962399e-10
706,2.9406134600120686e-10
707,2.9310579818894465e-10
708,2.921641437865366e-10
709,2.9123666601668154e-10
710,2.9032364990210986e-10
711,2.8942538227000006e-10
712,2.885421517563941e-10
713,2.8767424881061386e-10
714,2.868219656996773e-10
715,2.85985596512714e-10
716,2.8516543716538187e-10
717,2.8436178540428264e-10
718,2.8357494081137817e-10
719,2.828052048084066e-10
720,2.820528806612981e-10
721,2.813182734845912e-10
722,2.8060169024584865e-10
723,2.799034397700736e-10
724,2.7922383274412577e-10
725,2.7856318172113695e-10
726,2.779218011249278e-10
727,2.773000072544233e-10
728,2.7669811828806906e-10
729,2.761164542882477e-10
730,2.75555337205694e-10
731,2.7501509088391186e-10
732,2.744960410635899e-10
733,2.739985153870176e-10
734,2.735228434025013e-10
735,2.730693565687804e-10
736,2.7263838825944326e-10
737,2.7223027376734335e-10
738,2.7184535030901515e-10
739,2.7148389898217683e-10
740,2.711459693726389e-10
741,2.70831551494387e-10
742,2.7054063351461943e-10
743,2.702732017454257e-10
744,2.700292406354651e-10
745,2.6980873276164505e-10
746,2.6961165882079987e-10
747,2.6943799762136913e-10
748,2.692877260750766e-10
749,2.691608191886082e-10
750,2.690572500552911e-10
751,2.689769898467718e-10
752,2.6892000780469505e-10
753,2.6888627123238245e-10
754,2.688757454865104e-10
755,2.688883939687894e-10
756,2.6892417811764226e-10
757,2.6898305739988257e-10
758,2.690649893023932e-10
759,2.6916992932380524e-10
760,2.6929783096617616e-10
761,2.694486457266685e-10
762,2.696223230892285e-10
763,2.6981881051626454e-10
764,2.700380534403257e-10
765,2.702799952557802e-10
766,2.705445773104944e-10
767,2.708317388975108e-10
768,2.711414172467268e-10
769,2.714735475165734e-10
770,2.7182806278569354e-10
771,2.7220489404462075e-10
772,2.7260397018745766e-10
773,2.7302521800355466e-10
774,2.734685621691883e-10
775,2.739339252392399e-10
776,2.74421227638874e-10
777,2.7493038765521736e-10
778,2.7546129087423086e-10
779,2.7601369787959467e-10
780,2.765873348064229e-10
781,2.771819237249065e-10
782,2.7779718262594184e-10
783,2.7843282540676003e-10
784,2.790885618565549e-10
785,2.79764097642112e-10
786,2.8045913429343747e-10
787,2.8117336918938656e-10
788,2.8190649554329255e-10
789,2.82658202388595e-10
790,2.83428174564469e-10
791,2.842160927014535e-10
792,2.850216332070806e-10
793,2.858444682515032e-10
794,2.866842657531248e-10
795,2.8754068936422773e-10
796,2.8841339845660173e-10
797,2.893020481071729e-10
798,2.9020628908363245e-10
799,2.9112576783006515e-10
800,2.9206012645257833e-10
801,2.9300900270493044e-10
802,2.9397202997415967e-10
803,2.9494883726621295e-10
804,2.9593904919157444e-10
805,2.9694228595089416e-10
806,2.9795816332061694e-10
807,2.989862926386111e-10
808,3.00026280789797e-10
809,3.010777301917758e-10
810,3.0214023878045835e-10
811,3.0321339999569373e-10
812,3.042968027668979e-10
813,3.053900314986826e-10
814,3.0649266605648394e-10
815,3.0760428175219135e-10
816,3.087244493297757e-10
817,3.098527444187768e-10
818,3.109887761089235e-10
819,3.121321588574324e-10
820,3.132825030547482e-10
821,3.1443941501187214e-10
822,3.156024969476909e-10
823,3.167713469763052e-10
824,3.179455590943587e-10
825,3.191247231683664e-10
826,3.2030842492204435e-10
827,3.2149624592363685e-10
828,3.2268776357324674e-10
829,3.2388255109016305e-10
830,3.250801775001903e-10
831,3.2628020762297723e-10
832,3.274822020593452e-10
833,3.2868571717861736e-10
834,3.298903051059469e-10
835,3.310955137096464e-10
836,3.3230088658851635e-10
837,3.335059630591733e-10
838,3.347102781433797e-10
839,3.3591336255537175e-10
840,3.3711474268918853e-10
841,3.383139406060006e-10
842,3.39510474021439e-10
843,3.407038562929239e-10
844,3.4189359640699295e-10
845,3.430791989666304e-10
846,3.4426016417859623e-10
847,3.4543598784075386e-10
848,3.4660616132939997e-10
849,3.4777017158659266e-10
850,3.4892750110748005e-10
851,3.500776279276296e-10
852,3.512200256103564e-10
853,3.523541632340521e-10
854,3.534795053795137e-10
855,3.5459551211727207e-10
856,3.5570168068008004e-10
857,3.5679767128487977e-10
858,3.5788318343125655e-10
859,3.5895791440487636e-10
860,3.600215592716336e-10
861,3.610738108717989e-10
862,3.6211435981416606e-10
863,3.6314289447020025e-10
864,3.6415910096818506e-10
865,3.651626631873704e-10
866,3.6615326275211977e-10
867,3.671305790260582e-10
868,3.6809428910621935e-10
869,3.690440678171932e-10
870,3.6997958770527373e-10
871,3.709005190326065e-10
872,3.718065297713359e-10
873,3.726972855977531e-10
874,3.735724498864431e-10
875,3.744316837044329e-10
876,3.752746458053386e-10
877,3.7610099262351295e-10
878,3.7691037826819304e-10
879,3.777024545176481e-10
880,3.784768708133264e-10
881,3.792332742540035e-10
882,3.7997130958992917e-10
883,3.8069061921697556e-10
884,3.8139084317078417e-10
885,3.820716191209138e-10
886,3.82732582364988e-10
887,3.833733658228424e-10
888,3.8399360003067273e-10
889,3.8459291313518177e-10
890,3.851709308877274e-10
891,3.8572727663847003e-10
892,3.8626157133051984e-10
893,3.8677343349408466e-10
894,3.872624792406176e-10
895,3.877283743794509e-10
896,3.881709917112021e-10
897,3.8859025628861954e-10
898,3.8898609352860207e-10
899,3.8935842921414644e-10
900,3.8970718949629476e-10
901,3.900323008960814e-10
902,3.9033369030648043e-10
903,3.906112849943524e-10
904,3.9086501260239206e-10
905,3.910948011510754e-10
906,3.913005790406065e-10
907,3.914822750528653e-10
908,3.9163981835335433e-10
909,3.9177313849314623e-10
910,3.918821654108309e-10
911,3.9196682943446234e-10
912,3.920270612835064e-10
913,3.920627920707877e-10
914,3.9207395330443687e-10
915,3.9206047688983756e-10
916,3.9202229513157403e-10
917,3.919593407353781e-10
918,3.918715468100765e-10
919,3.9175884686953786e-10
920,3.9162117483461987e-10
921,3.91458465035117e-10
922,3.912706522117072e-10
923,3.91057671517899e-10
924,3.908194585219796e-10
925,3.9055594920896066e-10
926,3.902670799825269e-10
927,3.899527876669822e-10
928,3.896130095091978e-10
929,3.892476831805585e-10
930,3.8885674677891065e-10
931,3.884401388305091e-10
932,3.879977982919641e-10
933,3.875296645521889e-10
934,3.870357157705595e-10
935,3.8651608454422225e-10
936,3.8597094405304e-10
937,3.854004698945111e-10
938,3.8480484009098564e-10
939,3.841842350968792e-10
940,3.835388378058888e-10
941,3.828688335582077e-10
942,3.8217441014773987e-10
943,3.8145575782931633e-10
944,3.8071306932590865e-10
945,3.79946539835845e-10
946,3.791563670400249e-10
947,3.783427511091342e-10
948,3.7750589471086035e-10
949,3.7664600301710686e-10
950,3.757632837112092e-10
951,3.748579469951489e-10
952,3.7393020559676946e-10
953,3.7298027477699073e-10
954,3.720083723370243e-10
955,3.710147186255883e-10
956,3.699995365461227e-10
957,3.689630515640042e-10
958,3.679054917137611e-10
959,3.6682708760628874e-10
960,3.6572807243606425e-10
961,3.646086819883616e-10
962,3.634691546464666e-10
963,3.6230973139889213e-10
964,3.611306558465931e-10
965,3.5993217421018116e-10
966,3.5871453533714034e-10
967,3.574779907090418e-10
968,3.5622279444875844e-10
969,3.5494920332768076e-10
970,3.5365747677293123e-10
971,3.523478768745796e-10
972,3.510206683928579e-10
973,3.4967612734491174e-10
974,3.483145668917064e-10
975,3.4693631185401465e-10
976,3.455416901763977e-10
977,3.4413103293550726e-10
978,3.42704674348386e-10
979,3.4126295178077006e-10
980,3.398062057553894e-10
981,3.3833477996026964e-10
982,3.3684902125703376e-10
983,3.3534927968920305e-10
984,3.338359084904986e-10
985,3.3230926409314266e-10
986,3.3076970613616025e-10
987,3.292175974736806e-10
988,3.276533041832378e-10
989,3.260771955740734e-10
990,3.2448964419543673e-10
991,3.2289102584488696e-10
992,3.2128171957659417e-10
993,3.1966210770964075e-10
994,3.1803257583632306e-10
995,3.163935128304524e-10
996,3.147453108556571e-10
997,3.1308836537368293e-10
998,3.1142307515269536e-10
999,3.097498422755804e-10
1000,3.080690721482465e-10
1001,3.063811735079256e-10
1002,3.0468655843147426e-10
1003,3.029856423436758e-10
1004,3.0127884402554106e-10
1005,2.995665856226101e-10
1006,2.978492926532532e-10
1007,2.961273940169731e-10
1008,2.9440132200270546e-10
1009,2.926715122971207e-10
1010,2.9093840399292555e-10
1011,2.89202439597164e-10
1012,2.874640428644635e-10
1013,2.857235519295769e-10
1014,2.83981285226142e-10
1015,2.8223756357992456e-10
1016,2.804927102145238e-10
1017,2.7874705075707833e-10
1018,2.7700091324397126e-10
1019,2.752546281265365e-10
1020,2.735085282767641e-10
1021,2.717629489930059e-10
1022,2.700182280056816e-10
1023,2.6827470548298395e-10
1024,2.6653272403658486e-10
1025,2.647926287273407e-10
1026,2.630547670709983e-10
1027,2.6131948904390064e-10
1028,2.5958714708869203e-10
1029,2.578580961200246e-10
1030,2.561326935302633e-10
1031,2.5441129919519194e-10
1032,2.526942754797188e-10
1033,2.509819872435822e-10
1034,2.4927480184705635e-10
1035,2.47573089156657e-10
1036,2.458772215508471e-10
1037,2.4418757392574247e-10
1038,2.4250452370081745e-10
1039,2.4082845082461057e-10
1040,2.3915973778043046e-10
1041,2.3749876959206126e-10
1042,2.358459338294686e-10
1043,2.342016206145048e-10
1044,2.3256622262661504e-10
1045,2.309401351085429e-10
1046,2.2932375587203595e-10
1047,2.2771748530355148e-10
1048,2.2612172636996229e-10
1049,2.245368846242621e-10
1050,2.229633682112716e-10
1051,2.2140154824654916e-10
1052,2.1985163933844983e-10
1053,2.1831381741657086e-10
1054,2.1678825920935093e-10
1055,2.15275142245475e-10
1056,2.13774644855279e-10
1057,2.1228694617215493e-10
1058,2.1081222613395551e-10
1059,2.093506654843991e-10
1060,2.079024457744749e-10
1061,2.064677493638471e-10
1062,2.0504675942226032e-10
1063,2.0363965993094432e-10
1064,2.0224663568401879e-10
1065,2.008678722898983e-10
1066,1.9950355617269708e-10
1067,1.981538745736339e-10
1068,1.968190155524371e-10
1069,1.9549916798874903e-10
1070,1.9419452158353148e-10
1071,1.9290526686047003e-10
1072,1.916315951673792e-10
1073,1.9037369867760724e-10
1074,1.8913177039144097e-10
1075,1.8790600413751065e-10
1076,1.8669659457419494e-10
1077,1.8550373719102548e-10
1078,1.843276283100921e-10
1079,1.831684650874475e-10
1080,1.8202644551451203e-10
1081,1.8090176841947875e-10
1082,1.7979463346871813e-10
1083,1.7870524116818312e-10
1084,1.7763379286481356e-10
1085,1.7658049074794176e-10
1086,1.7554553785069654e-10
1087,1.7452913805140878e-10
1088,1.7353149607501585e-10
1089,1.725528174944667e-10
1090,1.7159327031657403e-10
1091,1.7065286917286355e-10
1092,1.697315895790706e-10
1093,1.6882940620744033e-10
1094,1.6794629288425603e-10
1095,1.6708222258736757e-10
1096,1.6623716744371988e-10
1097,1.6541109872688124e-10
1098,1.6460398685457158e-10
1099,1.6381580138619107e-10
1100,1.6304651102034829e-10
1101,1.622960835923888e-10
1102,1.615644860719234e-10
1103,1.608516845603566e-10
1104,1.6015764428841493e-10
1105,1.5948232961367531e-10
1106,1.5882570401809363e-10
1107,1.5818773010553286e-10
1108,1.5756836959929157e-10
1109,1.5696758333963243e-10
1110,1.5638533128131029e-10
1111,1.5582157249110092e-10
1112,1.5527626514532908e-10
1113,1.5474936652739717e-10
1114,1.5424083302531344e-10
1115,1.5375062012922046e-10
1116,1.5327868242892335e-10
1117,1.528249736114185e-10
1118,1.523894464584215e-10
1119,1.5197205284389606e-10
1120,1.5157274373158184e-10
1121,1.511914691725232e-10
1122,1.5082817830259754e-10
1123,1.5048281934004352e-10
1124,1.5015533958298964e-10
1125,1.498456854069825e-10
1126,1.4955380226251528e-10
1127,1.4927963467255593e-10
1128,1.4902312623007592e-10
1129,1.4878419892231903e-10
1130,1.4856269081557498e-10
1131,1.4835841755889815e-10
1132,1.4817119297980356e-10
1133,1.4800082907985052e-10
1134,1.4784713603022654e-10
1135,1.4770992216733119e-10
1136,1.4758899398835997e-10
1137,1.47484156146888e-10
1138,1.47395211448454e-10
1139,1.4732196084614412e-10
1140,1.4726420343617574e-10
1141,1.4722173645348133e-10
1142,1.4719435526729217e-10
1143,1.4718185337672261e-10
1144,1.4718402240635318e-10
1145,1.4720065210181524e-10
1146,1.4723153032537427e-10
1147,1.472764430515138e-10
1148,1.473351743625195e-10
1149,1.4740750644406274e-10
1150,1.474932195807846e-10
1151,1.4759209215187964e-10
1152,1.4770390062667968e-10
1153,1.4782841956023784e-10
1154,1.4796542158891216e-10
1155,1.4811467742594955e-10
1156,1.482759558570697e-10
1157,1.4844902373604873e-10
1158,1.4863364598030318e-10
1159,1.4882958556647379e-10
1160,1.4903660352600942e-10
1161,1.4925445894075089e-10
1162,1.4948290893851448e-10
1163,1.4972170868867636e-10
1164,1.4997061139775592e-10
1165,1.5022936830500003e-10
1166,1.504977286779664e-10
1167,1.507754398081079e-10
1168,1.510622504649845e-10
1169,1.5135792131511088e-10
1170,1.5166221462470424e-10
1171,1.5197489080877283e-10
1172,1.5229570842700432e-10
1173,1.5262442417965306e-10
1174,1.5296079290342813e-10
1175,1.5330456756738118e-10
1176,1.5365549926879413e-10
1177,1.5401333722906707e-10
1178,1.5437782878960604e-10
1179,1.5474871940771076e-10
1180,1.551257526524626e-10
1181,1.5550867020061222e-10
1182,1.5589721183246754e-10
1183,1.5629111542778133e-10
1184,1.5669011696163936e-10
1185,1.570939505003477e-10
1186,1.5750234819732126e-10
1187,1.5791504028897068e-10
1188,1.5833175509059103e-10
1189,1.58752218992249e-10
1190,1.5917615645467096e-10
1191,1.596032900051308e-10
1192,1.6003334023333765e-10
1193,1.6046602578732365e-10
1194,1.6090106336933194e-10
1195,1.613381677317043e-10
1196,1.6177705167276886e-10
1197,1.6221742603272824e-10
1198,1.6265899968954723e-10
1199,1.6310147955484033e-10
1200,1.6354457056975994e-10
1201,1.6398797570088396e-10
1202,1.644313959361036e-10
1203,1.648745302805113e-10
1204,1.6531707575228843e-10
1205,1.657587273785931e-10
1206,1.6619917819144817e-10
1207,1.6663814192651305e-10
1208,1.67075421428575e-10
1209,1.6751084106628564e-10
1210,1.679442241021772e-10
1211,1.6837539269041862e-10
1212,1.6880416787457174e-10
1213,1.6923036958534797e-10
1214,1.696538166383641e-10
1215,1.7007432673189886e-10
1216,1.7049171644464926e-10
1217,1.7090580123348657e-10
1218,1.7131639543121306e-10
1219,1.7172331224431777e-10
1220,1.721263637507333e-10
1221,1.7252536089759176e-10
1222,1.7292011349898113e-10
1223,1.7331043023370163e-10
1224,1.736961186430219e-10
1225,1.7407698512843542e-10
1226,1.7445283494941668e-10
1227,1.7482347222117746e-10
1228,1.751886999124232e-10
1229,1.755483198431093e-10
1230,1.759021326821972e-10
1231,1.7624993794541103e-10
1232,1.7659153399299355e-10
1233,1.769267180274626e-10
1234,1.772552860913675e-10
1235,1.775770330650449e-10
1236,1.778917526643757e-10
1237,1.781992374385408e-10
1238,1.7849927876777774e-10
1239,1.7879166686113666e-10
1240,1.7907619075423688e-10
1241,1.7935263830702312e-10
1242,1.7962079620152174e-10
1243,1.798804499395968e-10
1244,1.8013138384070696e-10
1245,1.8037338103966104e-10
1246,1.8060625273563973e-10
1247,1.808299263193643e-10
1248,1.8104435827540697e-10
1249,1.8124950502473266e-10
1250,1.8144532292471493e-10
1251,1.8163176826915093e-10
1252,1.818087972882771e-10
1253,1.8197636614878437e-10
1254,1.8213443095383384e-10
1255,1.8228294774307208e-10
1256,1.8242187249264633e-10
1257,1.825511611152204e-10
1258,1.8267076945998948e-10
1259,1.8278065331269616e-10
1260,1.828807683956455e-10
1261,1.829710703677204e-10
1262,1.8305151482439726e-10
1263,1.8312205729776132e-10
1264,1.8318265325652182e-10
1265,1.832332581060279e-10
1266,1.8327382718828352e-10
1267,1.833043157819633e-10
1268,1.8332467910242756e-10
1269,1.833348723017381e-10
1270,1.8333485046867335e-10
1271,1.833245686287438e-10
1272,1.8330398174420777e-10
1273,1.8327304471408626e-10
1274,1.8323171237417882e-10
1275,1.8317993949707876e-10
1276,1.831176807921887e-10
1277,1.8304489090573577e-10
1278,1.8296152442078738e-10
1279,1.8286753585726617e-10
1280,1.827628796719659e-10
1281,1.826475102585665e-10
1282,1.825213819476498e-10
1283,1.8238444900671464e-10
1284,1.822366656401925e-10
1285,1.8207800813305285e-10
1286,1.8190854155730668e-10
1287,1.817283538244816e-10
1288,1.81537533612504e-10
1289,1.813361703673229e-10
1290,1.8112435430453314e-10
1291,1.8090217641099865e-10
1292,1.8066972844647617e-10
1293,1.8042710294523848e-10
1294,1.8017439321769781e-10
1295,1.7991169335202942e-10
1296,1.7963909821579464e-10
1297,1.793567034575649e-10
1298,1.7906460550854443e-10
1299,1.787629015841943e-10
1300,1.7845168968585533e-10
1301,1.7813106860237198e-10
1302,1.778011379117153e-10
1303,1.774619979826067e-10
1304,1.7711374997614122e-10
1305,1.7675649584741088e-10
1306,1.7639033834712828e-10
1307,1.7601538102324982e-10
1308,1.7563172822259922e-10
1309,1.7523948509249098e-10
1310,1.7483875758235367e-10
1311,1.7442965244535344e-10
1312,1.7401227724001733e-10
1313,1.7358674033185685e-10
1314,1.7315315089499126e-10
1315,1.7271161891377105e-10
1316,1.7226225518440128e-10
1317,1.7180517131656508e-10
1318,1.7134047973504706e-10
1319,1.708682936813566e-10
1320,1.703887272153515e-10
1321,1.6990189521686113e-10
1322,1.694079133873101e-10
1323,1.6890689825134143e-10
1324,1.6839897359924655e-10
1325,1.6788428988884277e-10
1326,1.6736300506108569e-10
1327,1.6683527812076345e-10
1328,1.6630126913856086e-10
1329,1.657611392531231e-10
1330,1.6521505067311998e-10
1331,1.6466316667930978e-10
1332,1.6410565162660308e-10
1333,1.6354267094612726e-10
1334,1.6297439114728991e-10
1335,1.6240097981984314e-10
1336,1.6182260563594756e-10
1337,1.6123943835223607e-10
1338,1.6065164881187806e-10
1339,1.600594089466434e-10
1340,1.5946289177896612e-10
1341,1.5886227142400886e-10
1342,1.582577230917265e-10
1343,1.576494230889303e-10
1344,1.5703754882135182e-10
1345,1.5642227879570696e-10
1346,1.5580379262176001e-10
1347,1.5518227101438746e-10
1348,1.5455789579564212e-10
1349,1.5393084989681707e-10
1350,1.5330131736050962e-10
1351,1.5266948334268544e-10
1352,1.5203553411474238e-10
1353,1.5139965706557442e-10
1354,1.507620407036359e-10
1355,1.501228746590053e-10
1356,1.4948234968544925e-10
1357,1.488406576624866e-10
1358,1.4819799159745242e-10
1359,1.4755454562756185e-10
1360,1.469105150219741e-10
1361,1.4626609618385668e-10
1362,1.4562148665244918e-10
1363,1.4497687547068344e-10
1364,1.4433241417082e-10
1365,1.436882454816433e-10
1366,1.430445129361044e-10
1367,1.4240136087276339e-10
1368,1.417589344372311e-10
1369,1.411173795836116e-10
1370,1.40476843075944e-10
1371,1.3983747248964472e-10
1372,1.391994162129497e-10
1373,1.385628234483563e-10
1374,1.3792784421406571e-10
1375,1.372946293454247e-10
1376,1.3666333049636805e-10
1377,1.3603410014086062e-10
1378,1.3540709157433927e-10
1379,1.3478245891515526e-10
1380,1.3416035710601612e-10
1381,1.3354094191542805e-10
1382,1.3292436993913767e-10
1383,1.3231079860157448e-10
1384,1.3170038615729284e-10
1385,1.3109329169241405e-10
1386,1.3048967512606854e-10
1387,1.2988969721183799e-10
1388,1.2929351953919742e-10
1389,1.2870130453495728e-10
1390,1.2811321546470563e-10
1391,1.275294164342503e-10
1392,1.2695007239106085e-10
1393,1.263753491257109e-10
1394,1.2580541327332003e-10
1395,1.252404323149961e-10
1396,1.2468057457927726e-10
1397,1.2412600924357404e-10
1398,1.2357690633561164e-10
1399,1.230334367348718e-10
1400,1.2249577217403514e-10
1401,1.2196408524042318e-10
1402,1.2143853053693458e-10
1403,1.2091918794695681e-10
1404,1.204061187805359e-10
1405,1.1989938456147952e-10
1406,1.1939904702764952e-10
1407,1.1890516813125486e-10
1408,1.1841781003914403e-10
1409,1.1793703513309815e-10
1410,1.174629060101234e-10
1411,1.1699548548274396e-10
1412,1.1653483657929447e-10
1413,1.1608102254421312e-10
1414,1.156341068383341e-10
1415,1.151941531391804e-10
1416,1.1476122534125663e-10
1417,1.1433538755634158e-10
1418,1.1391670411378109e-10
1419,1.1350523956078075e-10
1420,1.131010586626986e-10
1421,1.1270422640333783e-10
1422,1.1231480798523962e-10
1423,1.1193286882997573e-10
1424,1.1155847457844133e-10
1425,1.1119169109114768e-10
1426,1.1083258444851484e-10
1427,1.1048122095116451e-10
1428,1.1013766712021262e-10
1429,1.0980198969756215e-10
1430,1.0947425564619576e-10
1431,1.0915453215046871e-10
1432,1.088428866164013e-10
1433,1.0853938667197191e-10
1434,1.0824410016740951e-10
1435,1.0795709517548646e-10
1436,1.0767843999181129e-10
1437,1.0740820313512122e-10
1438,1.0714645334757531e-10
1439,1.0689325959504665e-10
1440,1.0664869106741558e-10
1441,1.0641279906093345e-10
1442,1.0618556242355905e-10
1443,1.0596694155651784e-10
1444,1.0575689648123645e-10
1445,1.0555538683858913e-10
1446,1.053623718881444e-10
1447,1.0517781050741117e-10
1448,1.0500166119108539e-10
1449,1.0483388205029622e-10
1450,1.0467443081185275e-10
1451,1.0452326481749014e-10
1452,1.0438034102311622e-10
1453,1.0424561599805787e-10
1454,1.041190459243073e-10
1455,1.0400058659576879e-10
1456,1.0389019341750467e-10
1457,1.0378782140498211e-10
1458,1.036934251833194e-10
1459,1.036069589865323e-10
1460,1.0352837665678059e-10
1461,1.0345763164361435e-10
1462,1.0339467700322056e-10
1463,1.0333946539766926e-10
1464,1.0329194909416028e-10
1465,1.0325207996426938e-10
1466,1.0321980948319486e-10
1467,1.0319508872900381e-10
1468,1.0317786838187872e-10
1469,1.0316809872336371e-10
1470,1.0316572963561117e-10
1471,1.0317071060062789e-10
1472,1.0318299069952168e-10
1473,1.0320251861174782e-10
1474,1.0322924261435532e-10
1475,1.0326311058123342e-10
1476,1.033040699823581e-10
1477,1.0335206788303827e-10
1478,1.0340705094316237e-10
1479,1.0346896541644481e-10
1480,1.0353774795096615e-10
1481,1.0361329789285609e-10
1482,1.036955047074017e-10
1483,1.0378425715166013e-10
1484,1.0387944327320156e-10
1485,1.0398095040885178e-10
1486,1.0408866518343522e-10
1487,1.0420247350851768e-10
1488,1.04322260581149e-10
1489,1.0444791088260614e-10
1490,1.0457930817713582e-10
1491,1.0471633551069732e-10
1492,1.0485887520970541e-10
1493,1.0500680887977303e-10
1494,1.0516001740445419e-10
1495,1.0531838094398673e-10
1496,1.0548177893403521e-10
1497,1.0565009008443357e-10
1498,1.058231923779282e-10
1499,1.0600096306892041e-10
1500,1.0618327868220953e-10
1501,1.063700150117356e-10
1502,1.0656104711932214e-10
1503,1.0675624933341915e-10
1504,1.0695549524784565e-10
1505,1.0715865772053268e-10
1506,1.0736560887226612e-10
1507,1.0757622008542932e-10
1508,1.0779036200274616e-10
1509,1.0800790452602375e-10
1510,1.0822871681489509e-10
1511,1.0845266728556217e-10
1512,1.0867962360953853e-10
1513,1.0890945271239224e-10
1514,1.0914202077248861e-10
1515,1.0937719321973306e-10
1516,1.0961483473431398e-10
1517,1.0985480924544534e-10
1518,1.100969799301097e-10
1519,1.1034121192817414e-10
1520,1.105873805188647e-10
1521,1.108353630205247e-10
1522,1.1108503608027155e-10
1523,1.1133627567288073e-10
1524,1.1158895709966982e-10
1525,1.1184295498738254e-10
1526,1.1209814328707257e-10
1527,1.1235439527298763e-10
1528,1.1261158354145361e-10
1529,1.1286958000975831e-10
1530,1.1312825591503563e-10
1531,1.1338748181314945e-10
1532,1.1364712757757763e-10
1533,1.1390706239829612e-10
1534,1.1416715478066273e-10
1535,1.1442727254430136e-10
1536,1.146872828219858e-10
1537,1.1494705205852384e-10
1538,1.1520644600964122e-10
1539,1.1546532974086557e-10
1540,1.157235676264105e-10
1541,1.1598102334805957e-10
1542,1.1623755989405014e-10
1543,1.164930395579576e-10
1544,1.1674732393757916e-10
1545,1.1700027393381785e-10
1546,1.1725174974956675e-10
1547,1.1750161088859267e-10
1548,1.177497161544203e-10
1549,1.1799592364921615e-10
1550,1.1824009077267265e-10
1551,1.18482074220892e-10
1552,1.187217299852702e-10
1553,1.1895891335138108e-10
1554,1.1919347889786028e-10
1555,1.1942528049528921e-10
1556,1.1965417130507903e-10
1557,1.198800037783548e-10
1558,1.20102641585094e-10
1559,1.203219955262944e-10
1560,1.2053798795676578e-10
1561,1.207505408849489e-10
1562,1.2095957597238877e-10
1563,1.2116501453320813e-10
1564,1.2136677753358083e-10
1565,1.2156478559120517e-10
1566,1.217589589747774e-10
1567,1.2194921760346508e-10
1568,1.2213548104638038e-10
1569,1.2231766852205366e-10
1570,1.2249569889790683e-10
1571,1.226694906897265e-10
1572,1.228389620611378e-10
1573,1.230040308230774e-10
1574,1.2316461443326723e-10
1575,1.2332062999568755e-10
1576,1.2347199426005068e-10
1577,1.2361862362127418e-10
1578,1.2376043411895428e-10
1579,1.2389734143683934e-10
1580,1.240292609023033e-10
1581,1.241561074858188e-10
1582,1.2427779580043107e-10
1583,1.2439424010123087e-10
1584,1.2450535428482805e-10
1585,1.2461105188882505e-10
1586,1.2471124609129017e-10
1587,1.2480584971023109e-10
1588,1.248947752030681e-10
1589,1.2497793466610766e-10
1590,1.250552398340157e-10
1591,1.251266020792911e-10
1592,1.2519193241173906e-10
1593,1.252511414779445e-10
1594,1.2530413956074534e-10
1595,1.253508365787061e-10
1596,1.2539114208559127e-10
1597,1.254249798801607e-10
1598,1.254523319829873e-10
1599,1.2547319506143395e-10
1600,1.25487565856052e-10
1601,1.2549544118074145e-10
1602,1.2549681792291151e-10
1603,1.2549169304364103e-10
1604,1.2548006357783876e-10
1605,1.254619266344038e-10
1606,1.2543727939638619e-10
1607,1.2540611912114693e-10
1608,1.2536844314051887e-10
1609,1.2532424886096666e-10
1610,1.2527353376374743e-10
1611,1.2521629540507112e-10
1612,1.2515253141626098e-10
1613,1.2508223950391362e-10
1614,1.2500541745005995e-10
1615,1.2492206311232513e-10
1616,1.2483217442408932e-10
1617,1.2473574939464768e-10
1618,1.2463278610937122e-10
1619,1.245232827298669e-10
1620,1.2440723749413814e-10
1621,1.2428464871674528e-10
1622,1.241555147889658e-10
1623,1.240198341789549e-10
1624,1.2387760543190597e-10
1625,1.237288271702106e-10
1626,1.2357349809361954e-10
1627,1.2341161697940265e-10
1628,1.2324318268250956e-10
1629,1.230681941357299e-10
1630,1.2288665034985391e-10
1631,1.226985504138327e-10
1632,1.225038934949386e-10
1633,1.2230267883892574e-10
1634,1.2209490577019035e-10
1635,1.2188057369193114e-10
1636,1.2165969265374524e-10
1637,1.2143231515744417e-10
1638,1.2119850463598135e-10
1639,1.2095832491246433e-10
1640,1.207118402007886e-10
1641,1.204591151062715e-10
1642,1.2020021462628604e-10
1643,1.1993520415089504e-10
1644,1.1966414946348474e-10
1645,1.1938711674139894e-10
1646,1.1910417255657278e-10
1647,1.1881538387616655e-10
1648,1.1852081806319995e-10
1649,1.1822054287718556e-10
1650,1.17914626474763e-10
1651,1.1760313741033277e-10
1652,1.1728614463669018e-10
1653,1.1696371750565923e-10
1654,1.1663592576872644e-10
1655,1.1630283957767491e-10
1656,1.159645294852181e-10
1657,1.1562106644563381e-10
1658,1.15272521815398e-10
1659,1.1491896735381876e-10
1660,1.1456047522367017e-10
1661,1.1419711799182625e-10
1662,1.138289686298949e-10
1663,1.1345610051485162e-10
1664,1.1307858742967362e-10
1665,1.1269650356397358e-10
1666,1.1230992351463369e-10
1667,1.1191892228643941e-10
1668,1.1152357529271347e-10
1669,1.1112395835594976e-10
1670,1.107201477084472e-10
1671,1.1031221999294363e-10
1672,1.0990025226324973e-10
1673,1.0948432198488305e-10
1674,1.0906450703570169e-10
1675,1.0864088824246501e-10
1676,1.0821355701347128e-10
1677,1.0778260777385197e-10
1678,1.0734813543643794e-10
1679,1.0691023540250166e-10
1680,1.064690035624996e-10
1681,1.0602453629681454e-10
1682,1.0557693047649784e-10
1683,1.0512628346401159e-10
1684,1.0467269311397128e-10
1685,1.0421625777388778e-10
1686,1.0375707628490974e-10
1687,1.0329524798256591e-10
1688,1.0283087269750751e-10
1689,1.0236405075625032e-10
1690,1.018948829819173e-10
1691,1.0142347069498055e-10
1692,1.0094991571400391e-10
1693,1.0047432035638503e-10
1694,9.999678743909788e-11
1695,9.951742027943486e-11
1696,9.903632269574924e-11
1697,9.855359900819744e-11
1698,9.806935403948123e-11
1699,9.758369311559021e-11
1700,9.709672206654394e-11
1701,9.660854722713438e-11
1702,9.61192754376681e-11
1703,9.562901404470859e-11
1704,9.513787090181866e-11
1705,9.464595437030266e-11
1706,9.415337331994873e-11
1707,9.366023712977121e-11
1708,9.316665568875295e-11
1709,9.26727393965875e-11
1710,9.217859916442153e-11
1711,9.168434641559705e-11
1712,9.119009308639372e-11
1713,9.069595162677128e-11
1714,9.020202942700297e-11
1715,8.970841204405827e-11
1716,8.92151798335098e-11
1717,8.872241351115974e-11
1718,8.823019415355459e-11
1719,8.773860319849993e-11
1720,8.724772244557509e-11
1721,8.675763405664809e-11
1722,8.626842055639011e-11
1723,8.578016483279048e-11
1724,8.529295013767132e-11
1725,8.480686008720236e-11
1726,8.432197866241558e-11
1727,8.38383902097201e-11
1728,8.335617944141677e-11
1729,8.287543143621308e-11
1730,8.239623163973782e-11
1731,8.191866586505584e-11
1732,8.144282029318282e-11
1733,8.096878147360003e-11
1734,8.049663632476903e-11
1735,8.002647213464646e-11
1736,7.955837656119877e-11
1737,7.909243763291706e-11
1738,7.862874374933168e-11
1739,7.816738368152708e-11
1740,7.770844657265648e-11
1741,7.725202193845683e-11
1742,7.679819966776323e-11
1743,7.634707002302398e-11
1744,7.589872364081516e-11
1745,7.545325153235546e-11
1746,7.501074508402089e-11
1747,7.457129605785949e-11
1748,7.413499659210619e-11
1749,7.370193920169754e-11
1750,7.327221677878633e-11
1751,7.28459225932565e-11
1752,7.242315029323782e-11
1753,7.200398397732192e-11
1754,7.158846831956332e-11
1755,7.117663819613496e-11
1756,7.076852859111911e-11
1757,7.036417459663475e-11
1758,6.996361141296468e-11
1759,6.956687434868292e-11
1760,6.917399882078196e-11
1761,6.878502035479997e-11
1762,6.83999745849482e-11
1763,6.801889725423813e-11
1764,6.764182421460878e-11
1765,6.726879142705408e-11
1766,6.689983496174998e-11
1767,6.653499099818185e-11
1768,6.61742958252717e-11
1769,6.581778584150551e-11
1770,6.546549755506043e-11
1771,6.511746758393211e-11
1772,6.477373265606192e-11
1773,6.443432960946431e-11
1774,6.409929539235401e-11
1775,6.376866706327331e-11
1776,6.344248179121941e-11
1777,6.31207768557716e-11
1778,6.280358964721857e-11
1779,6.249095766668572e-11
1780,6.218291852626239e-11
1781,6.187950994912913e-11
1782,6.158076976968507e-11
1783,6.128673593367501e-11
1784,6.09974464983169e-11
1785,6.071293963242895e-11
1786,6.043325361655704e-11
1787,6.015842684310187e-11
1788,5.988849781644633e-11
1789,5.962350515308273e-11
1790,5.936348758174013e-11
1791,5.910848394351147e-11
1792,5.885852361704641e-11
1793,5.861359770838422e-11
1794,5.83736876261156e-11
1795,5.813877463473218e-11
1796,5.790883985439631e-11
1797,5.768386426071062e-11
1798,5.746382868448775e-11
1799,5.7248713811520025e-11
1800,5.7038500182349056e-11
1801,5.683316819203556e-11
1802,5.6632698089928875e-11
1803,5.643706997943676e-11
1804,5.6246263817794963e-11
1805,5.6060259415836986e-11
1806,5.5879036437763714e-11
1807,5.570257440091305e-11
1808,5.553085267552972e-11
1809,5.5363850484534785e-11
1810,5.520154690329541e-11
1811,5.504392085939454e-11
1812,5.489095113240052e-11
1813,5.4742616353636825e-11
1814,5.4598895005951706e-11
1815,5.445976542348786e-11
1816,5.43252057914521e-11
1817,5.419519414588509e-11
1818,5.406970837343091e-11
1819,5.394872621110681e-11
1820,5.383222524607288e-11
1821,5.372018291540171e-11
1822,5.361257650584803e-11
1823,5.350938315361843e-11
1824,5.341057984414102e-11
1825,5.331614341183511e-11
1826,5.3226050539880876e-11
1827,5.314027775998904e-11
1828,5.3058801452170496e-11
1829,5.298159784450609e-11
1830,5.290864301291618e-11
1831,5.283990787547739e-11
1832,5.277534313209361e-11
1833,5.271489420399981e-11
1834,5.265850622787963e-11
1835,5.2606124055456015e-11
1836,5.2557692253081857e-11
1837,5.2513155101330556e-11
1838,5.247245659458667e-11
1839,5.243554044063645e-11
1840,5.240235006025856e-11
1841,5.23728285868146e-11
1842,5.234691886583975e-11
1843,5.232456345463335e-11
1844,5.2305704621849556e-11
1845,5.229028434708792e-11
1846,5.2278244320484e-11
1847,5.226952594229992e-11
1848,5.226407032251513e-11
1849,5.226181828041682e-11
1850,5.226271034419067e-11
1851,5.226668675051141e-11
1852,5.227368744413341e-11
1853,5.228365207748132e-11
1854,5.229652001024068e-11
1855,5.2312230308948514e-11
1856,5.233072174658392e-11
1857,5.2351932802158725e-11
1858,5.237580166030805e-11
1859,5.240226621088096e-11
1860,5.2431264048531035e-11
1861,5.2462732472307004e-11
1862,5.249660848524335e-11
1863,5.253282879395088e-11
1864,5.257132980820744e-11
1865,5.261204764054837e-11
1866,5.2654918105857246e-11
1867,5.269987672095642e-11
1868,5.2746858704197655e-11
1869,5.2795798975052704e-11
1870,5.28466329708884e-11
1871,5.2899299105102495e-11
1872,5.295373632740946e-11
1873,5.3009883308021326e-11
1874,5.306767843726633e-11
1875,5.3127059825207474e-11
1876,5.3187965301261254e-11
1877,5.325033241381623e-11
1878,5.3314098429851697e-11
1879,5.337920033455631e-11
1880,5.3445574830946725e-11
1881,5.351315833948623e-11
1882,5.358188699770337e-11
1883,5.365169665981064e-11
1884,5.372252289632302e-11
1885,5.379430099367669e-11
1886,5.386696595384769e-11
1887,5.394045249397046e-11
1888,5.4014695045956544e-11
1889,5.4089627756113224e-11
1890,5.416518448476213e-11
1891,5.424129880585791e-11
1892,5.431790400660684e-11
1893,5.439493308708545e-11
1894,5.4472318759859175e-11
1895,5.454999344960105e-11
1896,5.462788929271022e-11
1897,5.4705938136930715e-11
1898,5.478407154096996e-11
1899,5.4862220774117494e-11
1900,5.49403168158636e-11
1901,5.5018290355517907e-11
1902,5.509607179182806e-11
1903,5.517359123259829e-11
1904,5.525077849430817e-11
1905,5.532756310173114e-11
1906,5.54038742875532e-11
1907,5.547964099199153e-11
1908,5.555479186241315e-11
1909,5.562926062523445e-11
1910,5.5703002247409805e-11
1911,5.577597689808404e-11
1912,5.584814458735475e-11
1913,5.591946516606784e-11
1914,5.59898983256129e-11
1915,5.6059403597718684e-11
1916,5.6127940354248554e-11
1917,5.6195467806995885e-11
1918,5.6261945007479554e-11
1919,5.6327330846739354e-11
1920,5.639158405513148e-11
1921,5.64546632021239e-11
1922,5.6516526696091866e-11
1923,5.657713278411335e-11
1924,5.663643955176443e-11
1925,5.6694404922914816e-11
1926,5.6750986659523244e-11
1927,5.680614236143293e-11
1928,5.685982946616699e-11
1929,5.6912005248723944e-11
1930,5.69626268213731e-11
1931,5.701165113345003e-11
1932,5.705903497115201e-11
1933,5.710473495733346e-11
1934,5.7148707551301384e-11
1935,5.71909090486108e-11
1936,5.723129558086024e-11
1937,5.726982311548714e-11
1938,5.7306447455563264e-11
1939,5.734112423959024e-11
1940,5.737380894129492e-11
1941,5.740445686942485e-11
1942,5.743302316754373e-11
1943,5.745946281382683e-11
1944,5.7483730620856435e-11
1945,5.750578123541734e-11
1946,5.752556913829221e-11
1947,5.754304864405712e-11
1948,5.7558180727374295e-11
1949,5.7570953558349623e-11
1950,5.758136212105508e-11
1951,5.7589401401049235e-11
1952,5.759506638538848e-11
1953,5.759835206263814e-11
1954,5.759925342288384e-11
1955,5.7597765457742534e-11
1956,5.7593883160373846e-11
1957,5.758760152549124e-11
1958,5.7578915549373184e-11
1959,5.756782022987443e-11
1960,5.755431056643718e-11
1961,5.753838156010224e-11
1962,5.7520028213520386e-11
1963,5.749924553096338e-11
1964,5.7476028518335347e-11
1965,5.7450372183183826e-11
1966,5.7422271534711125e-11
1967,5.739172158378544e-11
1968,5.735871734295205e-11
1969,5.732325382644459e-11
1970,5.7285326050196234e-11
1971,5.7244929031850877e-11
1972,5.720205779077438e-11
1973,5.715670734806572e-11
1974,5.710887272656826e-11
1975,5.705854895088096e-11
1976,5.700573104736951e-11
1977,5.695041404417761e-11
1978,5.689259297123816e-11
1979,5.6832262860284445e-11
1980,5.676941874486136e-11
1981,5.6704055660336606e-11
1982,5.663616864391193e-11
1983,5.6565752734634335e-11
1984,5.6492802973407177e-11
1985,5.641731440300153e-11
1986,5.6339282068067305e-11
1987,5.6258706113888085e-11
1988,5.6175607123679984e-11
1989,5.609001089429117e-11
1990,5.6001943347880776e-11
1991,5.591143053208505e-11
1992,5.581849862018342e-11
1993,5.5723173911264593e-11
1994,5.562548283039269e-11
1995,5.5525451928773273e-11
1996,5.542310788391957e-11
1997,5.531847749981842e-11
1998,5.5211587707096484e-11
1999,5.5102465563186357e-11
2000,5.499113825249252e-11
2001,5.487763308655765e-11
2002,5.476197750422855e-11
2003,5.464419907182233e-11
2004,5.452432548329251e-11
2005,5.440238456039506e-11
2006,5.4278404252854575e-11
2007,5.4152412638530324e-11
2008,5.4024437923582374e-11
2009,5.3894508442637676e-11
2010,5.376265265895617e-11
2011,5.36288991645969e-11
2012,5.349327668058408e-11
2013,5.3355814057073243e-11
2014,5.321654027351728e-11
2015,5.3075484438832605e-11
2016,5.29326757915652e-11
2017,5.278814370005675e-11
2018,5.264191766261072e-11
2019,5.2494027307658464e-11
2020,5.234450239392538e-11
2021,5.219337281059688e-11
2022,5.204066857748459e-11
2023,5.18864198451925e-11
2024,5.173065689528286e-11
2025,5.157341014044253e-11
2026,5.141471154508406e-11
2027,5.125459889803495e-11
2028,5.1093111571047904e-11
2029,5.0930289101375525e-11
2030,5.0766171191978005e-11
2031,5.060079771173074e-11
2032,5.043420869563183e-11
2033,5.026644434500981e-11
2034,5.009754502773116e-11
2035,4.9927551278407995e-11
2036,4.975650379860559e-11
2037,4.958444345705004e-11
2038,4.941141128983585e-11
2039,4.923744850063353e-11
2040,4.9062596460897214e-11
2041,4.888689671007229e-11
2042,4.8710390955802924e-11
2043,4.853312107413978e-11
2044,4.835512910974753e-11
2045,4.8176457276112525e-11
2046,4.7997147955750326e-11
2047,4.78172437004134e-11
2048,4.763678723129867e-11
2049,4.745582143925514e-11
2050,4.727438938499147e-11
2051,4.709253429928364e-11
2052,4.6910299583182515e-11
2053,4.672772880822141e-11
2054,4.654486571662383e-11
2055,4.636175422151092e-11
2056,4.61784384071092e-11
2057,4.599496252895805e-11
2058,4.5811371014117405e-11
2059,4.5627708461375345e-11
2060,4.5444019641455695e-11
2061,4.5260349497225596e-11
2062,4.507674314390317e-11
2063,4.489324586926509e-11
2064,4.470990313385418e-11
2065,4.4526758354835276e-11
2066,4.434384623997484e-11
2067,4.416119940682354e-11
2068,4.397885059492326e-11
2069,4.379683266595237e-11
2070,4.3615178603870975e-11
2071,4.343392151506617e-11
2072,4.325309462849733e-11
2073,4.3072731295841365e-11
2074,4.2892864991637985e-11
2075,4.271352931343497e-11
2076,4.2534757981933413e-11
2077,4.235658484113304e-11
2078,4.2179043858477405e-11
2079,4.20021691249992e-11
2080,4.182599485546552e-11
2081,4.165055538852311e-11
2082,4.1475885186843665e-11
2083,4.130201883726902e-11
2084,4.112899105095651e-11
2085,4.0956836663524204e-11
2086,4.078559063519608e-11
2087,4.061528805094747e-11
2088,4.0445964120650144e-11
2089,4.02776541792177e-11
2090,4.011039368675077e-11
2091,3.994421822868231e-11
2092,3.9779163515922874e-11
2093,3.9615265385005796e-11
2094,3.945255979823258e-11
2095,3.92910828438181e-11
2096,3.913087073603587e-11
2097,3.89719598153633e-11
2098,3.8814386548626984e-11
2099,3.865818752914795e-11
2100,3.8503399476886936e-11
2101,3.835005923858966e-11
2102,3.8198203787932054e-11
2103,3.804787022566556e-11
2104,3.789909154467403e-11
2105,3.775188389264781e-11
2106,3.7606259221082073e-11
2107,3.7462229512349894e-11
2108,3.7319806779732826e-11
2109,3.717900306745137e-11
2110,3.703983045069549e-11
2111,3.6902301035655213e-11
2112,3.6766426959551015e-11
2113,3.6632220390664436e-11
2114,3.649969352836858e-11
2115,3.6368858603158595e-11
2116,3.623972787668224e-11
2117,3.611231364177036e-11
2118,3.5986628222467436e-11
2119,3.586268397406206e-11
2120,3.574049328311753e-11
2121,3.562006856750227e-11
2122,3.550142227642041e-11
2123,3.538456689044231e-11
2124,3.526951492153503e-11
2125,3.515627891309288e-11
2126,3.504487143996792e-11
2127,3.493530510850052e-11
2128,3.48275925565498e-11
2129,3.4721746453524244e-11
2130,3.4617779500412123e-11
2131,3.451570442981207e-11
2132,3.441553400596359e-11
2133,3.4317281024777554e-11
2134,3.4220958313866746e-11
2135,3.412657873257637e-11
2136,3.4034155172014547e-11
2137,3.394370055508286e-11
2138,3.385522783650687e-11
2139,3.37687500028666e-11
2140,3.3684280072627093e-11
2141,3.360183109616892e-11
2142,3.352141615581866e-11
2143,3.3443044289854345e-11
2144,3.3366708234028184e-11
2145,3.329239659636814e-11
2146,3.322009792552437e-11
2147,3.3149800710693275e-11
2148,3.308149338154158e-11
2149,3.301516430813038e-11
2150,3.295080180083921e-11
2151,3.288839411029009e-11
2152,3.282792942727162e-11
2153,3.2769395882663e-11
2154,3.271278154735813e-11
2155,3.2658074432189637e-11
2156,3.2605262487852936e-11
2157,3.2554333604830354e-11
2158,3.2505275613315106e-11
2159,3.245807628313539e-11
2160,3.241272332367848e-11
2161,3.236920438381473e-11
2162,3.232750705182169e-11
2163,3.228761885530812e-11
2164,3.2249527261138086e-11
2165,3.221321967535499e-11
2166,3.217868344310566e-11
2167,3.21459058485644e-11
2168,3.2114874114857054e-11
2169,3.208557540398506e-11
2170,3.2057996816749494e-11
2171,3.203212539267519e-11
2172,3.200794810993474e-11
2173,3.198545188527257e-11
2174,3.196462357392903e-11
2175,3.1945449969564426e-11
2176,3.1927917804183085e-11
2177,3.1912013748057415e-11
2178,3.1897724409651995e-11
2179,3.188503633554759e-11
2180,3.187393601036524e-11
2181,3.1864409856690306e-11
2182,3.1856442162657456e-11
2183,3.185000884966138e-11
2184,3.184508366268199e-11
2185,3.184164023869904e-11
2186,3.1839652106563923e-11
2187,3.1839092686871597e-11
2188,3.183993529183238e-11
2189,3.1842153125143844e-11
2190,3.184571928186263e-11
2191,3.185060674827635e-11
2192,3.185678840177539e-11
2193,3.186423701072481e-11
2194,3.1872925234336155e-11
2195,3.1882825622539315e-11
2196,3.189391061585445e-11
2197,3.1906152545263706e-11
2198,3.1919523632083216e-11
2199,3.1933995987834855e-11
2200,3.194954161411811e-11
2201,3.196613240248197e-11
2202,3.198374013429676e-11
2203,3.200233648062598e-11
2204,3.202189300209816e-11
2205,3.2042381148778745e-11
2206,3.206377226004191e-11
2207,3.208603756444244e-11
2208,3.2109148179587566e-11
2209,3.213307511200884e-11
2210,3.215778925703396e-11
2211,3.218326139865865e-11
2212,3.220946220941849e-11
2213,3.22363622502608e-11
2214,3.2263931970416456e-11
2215,3.229214170727176e-11
2216,3.232096168624032e-11
2217,3.235036202063487e-11
2218,3.2380312711539116e-11
2219,3.241078364767963e-11
2220,3.2441744605297664e-11
2221,3.247316577657566e-11
2222,3.250501935898069e-11
2223,3.253727797614161e-11
2224,3.256991415013047e-11
2225,3.260290030134719e-11
2226,3.263620874840426e-11
2227,3.266981170801146e-11
2228,3.2703681294860536e-11
2229,3.273778952150997e-11
2230,3.2772108298269615e-11
2231,3.280660943308542e-11
2232,3.284126463142419e-11
2233,3.2876045496158213e-11
2234,3.291092352745e-11
2235,3.2945870122637016e-11
2236,3.298085657611633e-11
2237,3.3015854079229385e-11
2238,3.3050833720146654e-11
2239,3.3085766483752345e-11
2240,3.312062325152916e-11
2241,3.315537480144294e-11
2242,3.3189991807827396e-11
2243,3.322444484126884e-11
2244,3.3258704368490834e-11
2245,3.329274075223894e-11
2246,3.332652425116541e-11
2247,3.336002501971391e-11
2248,3.3393213108004185e-11
2249,3.342605846171681e-11
2250,3.345853092197787e-11
2251,3.349060022524366e-11
2252,3.352223600318542e-11
2253,3.355340778257402e-11
2254,3.358408498516465e-11
2255,3.3614236927581576e-11
2256,3.3643832821202787e-11
2257,3.3672841772044744e-11
2258,3.3701232780647054e-11
2259,3.3728974741957214e-11
2260,3.3756038937375354e-11
2261,3.378240652876279e-11
2262,3.380806111274918e-11
2263,3.3832986232923617e-11
2264,3.385716537977789e-11
2265,3.388058199064974e-11
2266,3.390321944966603e-11
2267,3.392506108768604e-11
2268,3.3946090182244634e-11
2269,3.396628995749556e-11
2270,3.398564358415463e-11
2271,3.4004134179442966e-11
2272,3.4021744807030255e-11
2273,3.403845847697792e-11
2274,3.405425814568246e-11
2275,3.4069126715818545e-11
2276,3.408304703628235e-11
2277,3.409600190213478e-11
2278,3.410797405454461e-11
2279,3.411894618073185e-11
2280,3.412890091391085e-11
2281,3.413782083323363e-11
2282,3.414568846373305e-11
2283,3.415248627626609e-11
2284,3.4158196687457025e-11
2285,3.4162802059640714e-11
2286,3.416628470080577e-11
2287,3.4168626864537865e-11
2288,3.416981074996291e-11
2289,3.416981850169027e-11
2290,3.4168632209756074e-11
2291,3.416623390956637e-11
2292,3.4162605581840374e-11
2293,3.415772915255375e-11
2294,3.4151586492881756e-11
2295,3.414415941914258e-11
2296,3.413542969274046e-11
2297,3.4125379020109017e-11
2298,3.4113989052654396e-11
2299,3.410124450914183e-11
2300,3.4087142564699376e-11
2301,3.407168352149216e-11
2302,3.405486769172241e-11
2303,3.4036695397643496e-11
2304,3.401716697157408e-11
2305,3.399628275591218e-11
2306,3.3974043103149255e-11
2307,3.395044837588428e-11
2308,3.392549894683794e-11
2309,3.3899195198866576e-11
2310,3.3871537524976364e-11
2311,3.3842526328337454e-11
2312,3.381216202229792e-11
2313,3.3780445030398006e-11
2314,3.37473757863841e-11
2315,3.371295473422291e-11
2316,3.367718232811552e-11
2317,3.364005903251147e-11
2318,3.3601585322122874e-11
2319,3.356176168193853e-11
2320,3.352058860723792e-11
2321,3.347806660360545e-11
2322,3.343419618694443e-11
2323,3.3388977883491176e-11
2324,3.334241222982916e-11
2325,3.329449977290307e-11
2326,3.3245241070032885e-11
2327,3.319463668892801e-11
2328,3.314268720770132e-11
2329,3.3089393214883284e-11
2330,3.3034755309436066e-11
2331,3.2978774100767597e-11
2332,3.292145020874567e-11
2333,3.286278426371205e-11
2334,3.280277690649654e-11
2335,3.274142878843109e-11
2336,3.2678740571363906e-11
2337,3.261471292767351e-11
2338,3.254934879449097e-11
2339,3.248266015176486e-11
2340,3.2414661286669855e-11
2341,3.234536654331626e-11
2342,3.2274790322813627e-11
2343,3.220294708333433e-11
2344,3.2129851340177065e-11
2345,3.2055517665830446e-11
2346,3.197996069003655e-11
2347,3.1903195099854494e-11
2348,3.182523563972397e-11
2349,3.174609711152881e-11
2350,3.1665794374660544e-11
2351,3.158434234608197e-11
2352,3.150175600039071e-11
2353,3.141805036988273e-11
2354,3.1333240544615973e-11
2355,3.124734167247384e-11
2356,3.1160368959228796e-11
2357,3.1072337668605915e-11
2358,3.098326312234643e-11
2359,3.0893160700271304e-11
2360,3.080204584034479e-11
2361,3.0709934038737983e-11
2362,3.061684084989234e-11
2363,3.052278188658333e-11
2364,3.0427772819983913e-11
2365,3.033182937972812e-11
2366,3.023496735397462e-11
2367,3.013720258947025e-11
2368,3.0038550991613646e-11
2369,2.993902852451871e-11
2370,2.9838651211078224e-11
2371,2.973743513302739e-11
2372,2.9635396431007394e-11
2373,2.953255130462897e-11
2374,2.9428916012535925e-11
2375,2.932450687246875e-11
2376,2.9219340261328125e-11
2377,2.9113433242326736e-11
2378,2.900680545053841e-11
2379,2.889947721908991e-11
2380,2.879146895320422e-11
2381,2.8682801130277385e-11
2382,2.85734942999554e-11
2383,2.8463569084211077e-11
2384,2.8353046177420927e-11
2385,2.8241946346442007e-11
2386,2.8130290430688815e-11
2387,2.801809934221014e-11
2388,2.7905394065765952e-11
2389,2.7792195658904258e-11
2390,2.7678525252037978e-11
2391,2.7564404048521842e-11
2392,2.74498533247292e-11
2393,2.7334894430128964e-11
2394,2.72195487873624e-11
2395,2.7103837892320097e-11
2396,2.6987783314218755e-11
2397,2.687140669567808e-11
2398,2.675472975279768e-11
2399,2.6637774275233908e-11
2400,2.6520562126276727e-11
2401,2.640311524292663e-11
2402,2.628545563597145e-11
2403,2.6167605390063256e-11
2404,2.6049586663795245e-11
2405,2.593142168977858e-11
2406,2.5813132774719268e-11
2407,2.5694742299495072e-11
2408,2.5576272719232302e-11
2409,2.545774656338277e-11
2410,2.5339186435800586e-11
2411,2.5220615014819106e-11
2412,2.5102055053327736e-11
2413,2.4983529378848842e-11
2414,2.4865060893614604e-11
2415,2.4746672574643887e-11
2416,2.4628386389685512e-11
2417,2.451022003771462e-11
2418,2.439219018883584e-11
2419,2.4274313566677726e-11
2420,2.415660694844732e-11
2421,2.403908716498475e-11
2422,2.392177110081784e-11
2423,2.3804675694216688e-11
2424,2.3687817937248232e-11
2425,2.3571214875830916e-11
2426,2.345488360978919e-11
2427,2.333884129290818e-11
2428,2.3223105132988225e-11
2429,2.31076923918995e-11
2430,2.2992620385636613e-11
2431,2.2877906484373168e-11
2432,2.276356811251639e-11
2433,2.264962274876168e-11
2434,2.253608792614724e-11
2435,2.2422981232108677e-11
2436,2.231032030853353e-11
2437,2.2198122851815928e-11
2438,2.2086406612911163e-11
2439,2.1975189397390264e-11
2440,2.1864489065494622e-11
2441,2.1754323532190535e-11
2442,2.164471076722386e-11
2443,2.1535668795174556e-11
2444,2.14272156955113e-11
2445,2.1319369602646065e-11
2446,2.1212148705988746e-11
2447,2.1105571250001693e-11
2448,2.099965553425437e-11
2449,2.089441991347789e-11
2450,2.0789882797619643e-11
2451,2.0686062651897884e-11
2452,2.058297799685631e-11
2453,2.0480647408418655e-11
2454,2.03790895179433e-11
2455,2.0278321041622077e-11
2456,2.0178350855724094e-11
2457,2.007918588612418e-11
2458,1.998083307576511e-11
2459,1.9883299384672994e-11
2460,1.978659178997266e-11
2461,1.9690717285902997e-11
2462,1.959568288383236e-11
2463,1.9501495612273904e-11
2464,1.940816251690101e-11
2465,1.9315690660562592e-11
2466,1.9224087123298524e-11
2467,1.9133359002354986e-11
2468,1.9043513412199817e-11
2469,1.895455748453794e-11
2470,1.8866498368326686e-11
2471,1.8779343229791192e-11
2472,1.8693099252439746e-11
2473,1.8607773637079193e-11
2474,1.852337360183029e-11
2475,1.8439906382143074e-11
2476,1.835737923081223e-11
2477,1.827579941799249e-11
2478,1.8195174231213966e-11
2479,1.8115510975397556e-11
2480,1.8036816972870286e-11
2481,1.7959099563380726e-11
2482,1.78823661041143e-11
2483,1.7806623969708714e-11
2484,1.7731880552269294e-11
2485,1.7658143261384373e-11
2486,1.758541952414066e-11
2487,1.7513716785138608e-11
2488,1.7443042506507784e-11
2489,1.7373404167922263e-11
2490,1.730480926661596e-11
2491,1.7237265317398033e-11
2492,1.7170779852668262e-11
2493,1.7105360422432372e-11
2494,1.7041012632141227e-11
2495,1.6977734243589264e-11
2496,1.691552103941238e-11
2497,1.6854368782096532e-11
2498,1.6794273213955276e-11
2499,1.673523005710731e-11
2500,1.6677235013454e-11
