z,eta_TEP_theory,eta_LCDM_theory,delta_eta_theory,eta_observed,eta_obs_err
0.01,1.0,1.0,0.0,,
0.04,1.0,1.0,-0.0,,
0.07,1.0,1.0,0.0,,
0.101,1.0,1.0,0.0,,
0.131,1.0,1.0,0.0,,
0.161,1.0,1.0,0.0,,
0.191,1.0,1.0,0.0,,
0.221,1.0,1.0,0.0,,
0.252,1.0,1.0,-0.0,,
0.282,1.0,1.0,0.0,,
0.312,1.0,1.0,0.0,,
0.342,1.0,1.0,-0.0,,
0.372,1.0,1.0,0.0,,
0.403,1.0,1.0,0.0,,
0.433,1.0,1.0,0.0,,
0.463,1.0,1.0,-0.0,,
0.493,1.0,1.0,0.0,,
0.523,1.0,1.0,0.0,,
0.554,1.0,1.0,0.0,,
0.584,1.0,1.0,0.0,,
0.614,1.0,1.0,0.0,,
0.644,1.0,1.0,0.0,,
0.674,1.0,1.0,0.0,,
0.705,1.0,1.0,0.0,,
0.735,1.0,1.0,0.0,,
0.765,1.0,1.0,0.0,,
0.795,1.0,1.0,0.0,,
0.825,1.0,1.0,0.0,,
0.856,1.0,1.0,0.0,,
0.886,1.0,1.0,0.0,,
0.916,1.0,1.0,0.0,,
0.946,1.0,1.0,-0.0,,
0.976,1.0,1.0,0.0,,
1.007,1.0,1.0,0.0,,
1.037,1.0,1.0,0.0,,
1.067,1.0,1.0,0.0,,
1.097,1.0,1.0,0.0,,
1.127,1.0,1.0,0.0,,
1.158,1.0,1.0,-0.0,,
1.188,1.0,1.0,0.0,,
1.218,1.0,1.0,-0.0,,
1.248,1.0,1.0,-0.0,,
1.278,1.0,1.0,0.0,,
1.309,1.0,1.0,0.0,,
1.339,1.0,1.0,0.0,,
1.369,1.0,1.0,0.0,,
1.399,1.0,1.0,0.0,,
1.429,1.0,1.0,0.0,,
1.46,1.0,1.0,0.0,,
1.49,1.0,1.0,0.0,,
1.52,1.0,1.0,0.0,,
1.55,1.0,1.0,0.0,,
1.581,1.0,1.0,0.0,,
1.611,1.0,1.0,0.0,,
1.641,1.0,1.0,0.0,,
1.671,1.0,1.0,0.0,,
1.701,1.0,1.0,0.0,,
1.732,1.0,1.0,0.0,,
1.762,1.0,1.0,0.0,,
1.792,1.0,1.0,0.0,,
1.822,1.0,1.0,0.0,,
1.852,1.0,1.0,0.0,,
1.883,1.0,1.0,0.0,,
1.913,1.0,1.0,0.0,,
1.943,1.0,1.0,0.0,,
1.973,1.0,1.0,-0.0,,
2.003,1.0,1.0,-0.0,,
2.034,1.0,1.0,0.0,,
2.064,1.0,1.0,0.0,,
2.094,1.0,1.0,0.0,,
2.124,1.0,1.0,0.0,,
2.154,1.0,1.0,0.0,,
2.185,1.0,1.0,0.0,,
2.215,1.0,1.0,0.0,,
2.245,1.0,1.0,0.0,,
2.275,1.0,1.0,-0.0,,
2.305,1.0,1.0,-0.0,,
2.336,1.0,1.0,0.0,,
2.366,1.0,1.0,0.0,,
2.396,1.0,1.0,0.0,,
2.426,1.0,1.0,0.0,,
2.456,1.0,1.0,-0.0,,
2.487,1.0,1.0,-0.0,,
2.517,1.0,1.0,0.0,,
2.547,1.0,1.0,0.0,,
2.577,1.0,1.0,0.0,,
2.607,1.0,1.0,0.0,,
2.638,1.0,1.0,0.0,,
2.668,1.0,1.0,0.0,,
2.698,1.0,1.0,-0.0,,
2.728,1.0,1.0,0.0,,
2.758,1.0,1.0,0.0,,
2.789,1.0,1.0,0.0,,
2.819,1.0,1.0,0.0,,
2.849,1.0,1.0,0.0,,
2.879,1.0,1.0,-0.0,,
2.909,1.0,1.0,0.0,,
2.94,1.0,1.0,0.0,,
2.97,1.0,1.0,0.0,,
3.0,1.0,1.0,0.0,,
0.11,,,,1.0823,0.1031
0.235,,,,1.0352,0.0745
0.365,,,,1.05,0.0735
0.451,,,,1.0904,0.0783
0.565,,,,0.9971,0.0601
0.7,,,,0.897,0.0583
0.85,,,,0.8314,0.0554
1.0,,,,0.7579,0.05
1.2,,,,0.6782,0.0534
1.5,,,,0.6216,0.073
