z,f_T
0.0,0.0147
0.03,0.0178
0.061,0.0216
0.091,0.0261
0.121,0.0315
0.152,0.038
0.182,0.0456
0.212,0.0545
0.242,0.0648
0.273,0.0767
0.303,0.0902
0.333,0.1054
0.364,0.1222
0.394,0.1406
0.424,0.1602
0.455,0.1808
0.485,0.2021
0.515,0.2236
0.545,0.2448
0.576,0.2655
0.606,0.2851
0.636,0.3034
0.667,0.3202
0.697,0.3354
0.727,0.349
0.758,0.3608
0.788,0.3712
0.818,0.3801
0.848,0.3877
0.879,0.3941
0.909,0.3995
0.939,0.4041
0.97,0.4078
1.0,0.411
1.03,0.4136
1.061,0.4157
1.091,0.4175
1.121,0.419
1.152,0.4202
1.182,0.4212
1.212,0.422
1.242,0.4227
1.273,0.4232
1.303,0.4236
1.333,0.424
1.364,0.4243
1.394,0.4246
1.424,0.4248
1.455,0.4249
1.485,0.425
1.515,0.4252
1.545,0.4252
1.576,0.4253
1.606,0.4254
1.636,0.4254
1.667,0.4255
1.697,0.4255
1.727,0.4255
1.758,0.4256
1.788,0.4256
1.818,0.4256
1.848,0.4256
1.879,0.4256
1.909,0.4256
1.939,0.4256
1.97,0.4256
2.0,0.4256
2.03,0.4256
2.061,0.4256
2.091,0.4256
2.121,0.4256
2.152,0.4256
2.182,0.4256
2.212,0.4256
2.242,0.4256
2.273,0.4256
2.303,0.4256
2.333,0.4256
2.364,0.4256
2.394,0.4256
2.424,0.4256
2.455,0.4256
2.485,0.4256
2.515,0.4256
2.545,0.4256
2.576,0.4256
2.606,0.4256
2.636,0.4256
2.667,0.4256
2.697,0.4256
2.727,0.4256
2.758,0.4256
2.788,0.4256
2.818,0.4256
2.848,0.4256
2.879,0.4256
2.909,0.4256
2.939,0.4256
2.97,0.4256
3.0,0.4256
