z,host_mass,R_TEP,R_LCDM,Sigma_eff
0.001,1,-18.844,-18.844,0.0
0.001,1,-18.787,-18.787,0.0
0.003,0,-18.731,-18.731,0.0
0.003,0,-18.709,-18.709,0.0
0.003,0,-19.015,-19.015,0.0
0.003,0,-19.123,-19.123,0.0
0.003,1,-19.552,-19.552,0.0
0.003,1,-19.459,-19.459,0.0
0.003,1,-19.611,-19.611,0.0
0.003,1,-19.501,-19.501,0.0
0.003,1,-18.524,-18.524,0.0
0.003,1,-18.334,-18.334,0.0
0.003,1,-18.63,-18.63,0.0
0.004,0,-18.492,-18.492,0.0
0.004,0,-19.335,-19.335,0.0
0.004,1,-19.068,-19.068,0.0
0.004,0,-19.084,-19.084,0.0
0.004,0,-19.092,-19.092,0.0
0.004,0,-19.03,-19.03,0.0
0.005,0,-18.82,-18.82,0.0
0.005,0,-18.718,-18.718,0.0
0.005,1,-19.582,-19.582,0.0
0.005,1,-19.701,-19.701,0.0
0.005,1,-19.181,-19.181,0.0
0.005,1,-19.61,-19.61,0.0
0.005,1,-19.494,-19.494,0.0
0.005,1,-19.07,-19.07,0.0
0.005,1,-19.409,-19.409,0.0
0.005,1,-19.317,-19.317,0.0
0.005,1,-19.417,-19.417,0.0
0.005,0,-19.38,-19.38,0.0
0.006,1,-19.282,-19.282,0.0
0.006,1,-19.295,-19.295,0.0
0.006,1,-19.518,-19.518,0.0
0.006,1,-19.568,-19.568,0.0
0.006,0,-19.517,-19.517,0.0
0.006,1,-19.079,-19.079,0.0
0.006,0,-18.808,-18.808,0.0
0.006,1,-19.372,-19.372,0.0
0.006,1,-19.246,-19.246,0.0
0.006,1,-19.402,-19.402,0.0
0.006,1,-20.455,-20.455,0.0
0.006,1,-20.177,-20.177,0.0
0.006,1,-19.327,-19.327,0.0
0.006,1,-19.392,-19.392,0.0
0.006,1,-19.294,-19.294,0.0
0.006,1,-19.36,-19.36,0.0
0.006,0,-19.336,-19.336,0.0
0.006,0,-19.327,-19.327,0.0
0.006,0,-19.391,-19.391,0.0
0.006,0,-18.582,-18.582,0.0
0.006,1,-19.025,-19.025,0.0
0.006,1,-19.012,-19.012,0.0
0.006,1,-19.039,-19.039,0.0
0.007,0,-19.797,-19.797,0.0
0.007,0,-20.317,-20.317,0.0
0.007,1,-19.196,-19.196,0.0
0.007,0,-19.592,-19.592,0.0
0.007,1,-19.373,-19.373,0.0
0.007,1,-19.395,-19.395,0.0
0.007,1,-19.363,-19.363,0.0
0.007,1,-19.175,-19.175,0.0
0.007,0,-19.352,-19.352,0.0
0.007,0,-19.339,-19.339,0.0
0.007,0,-19.35,-19.35,0.0
0.007,0,-19.257,-19.257,0.0
0.007,0,-19.235,-19.235,0.0
0.007,0,-18.988,-18.988,0.0
0.007,0,-19.04,-19.04,0.0
0.007,0,-19.014,-19.014,0.0
0.007,1,-19.46,-19.46,0.0
0.007,1,-19.491,-19.491,0.0
0.008,0,-19.276,-19.276,0.0
0.008,1,-19.252,-19.252,0.0
0.008,1,-19.354,-19.354,0.0
0.008,1,-19.26,-19.26,0.0
0.008,0,-19.6,-19.6,0.0
0.008,0,-19.228,-19.228,0.0
0.008,0,-19.301,-19.301,0.0
0.008,0,-19.531,-19.531,0.0
0.008,1,-19.496,-19.496,0.0
0.008,0,-18.774,-18.774,0.0
0.008,0,-19.511,-19.511,0.0
0.008,0,-19.34,-19.34,0.0
0.009,1,-19.383,-19.383,0.0
0.009,1,-19.224,-19.224,0.0
0.009,1,-19.328,-19.328,0.0
0.009,0,-19.369,-19.369,0.0
0.009,1,-19.722,-19.722,0.0
0.009,1,-19.702,-19.702,0.0
0.009,1,-19.761,-19.761,0.0
0.009,0,-19.679,-19.679,0.0
0.009,0,-19.285,-19.285,0.0
0.009,0,-19.403,-19.403,0.0
0.009,0,-19.452,-19.452,0.0
0.009,0,-19.356,-19.356,0.0
0.009,0,-19.35,-19.35,0.0
0.009,0,-19.331,-19.331,0.0
0.009,0,-19.935,-19.935,0.0
0.01,1,-19.274,-19.274,0.0
0.01,1,-19.101,-19.101,0.0
0.01,1,-19.083,-19.083,0.0
0.01,1,-19.067,-19.067,0.0
0.01,1,-19.42,-19.42,0.0
0.01,1,-19.456,-19.456,0.0
0.01,0,-19.539,-19.539,0.0
0.01,0,-19.425,-19.425,0.0
0.01,0,-18.926,-18.926,0.0
0.01,1,-19.762,-19.762,0.0
0.01,1,-19.662,-19.662,0.0
0.01,1,-19.507,-19.507,0.0
0.01,1,-19.672,-19.672,0.0
0.01,0,-19.535,-19.535,0.0
0.01,0,-19.486,-19.486,0.0
0.01,1,-19.135,-19.135,0.0
0.01,1,-19.247,-19.247,0.0
0.01,1,-19.198,-19.198,0.0
0.01,0,-19.383,-19.383,0.0
0.01,0,-19.424,-19.424,0.0
0.011,1,-19.165,-19.165,0.0
0.011,1,-19.253,-19.253,0.0
0.011,0,-19.462,-19.462,0.0
0.011,1,-19.514,-19.514,0.0
0.011,0,-19.402,-19.402,0.0
0.011,0,-19.046,-19.046,0.0
0.011,1,-18.918,-18.918,0.0
0.011,1,-19.015,-19.015,0.0
0.011,0,-18.833,-18.833,0.0
0.011,0,-19.234,-19.234,0.0
0.011,0,-19.173,-19.173,0.0
0.012,0,-19.147,-19.147,0.0
0.012,0,-19.307,-19.307,0.0
0.012,0,-18.959,-18.959,0.0
0.012,0,-19.148,-19.148,0.0
0.012,1,-19.133,-19.133,0.0
0.012,1,-19.067,-19.067,0.0
0.013,1,-19.209,-19.209,0.0
0.013,1,-19.192,-19.192,0.0
0.013,0,-19.331,-19.331,0.0
0.013,0,-19.401,-19.401,0.0
0.013,1,-19.204,-19.204,0.0
0.013,0,-19.323,-19.323,0.0
0.013,0,-19.457,-19.457,0.0
0.013,1,-19.258,-19.258,0.0
0.013,1,-19.233,-19.233,0.0
0.013,1,-19.42,-19.42,0.0
0.013,1,-19.428,-19.428,0.0
0.013,1,-19.488,-19.488,0.0
0.013,1,-19.537,-19.537,0.0
0.013,1,-19.062,-19.062,0.0
0.013,1,-19.045,-19.045,0.0
0.013,1,-19.105,-19.105,0.0
0.014,1,-19.313,-19.313,0.0
0.014,1,-19.342,-19.342,0.0
0.014,1,-19.338,-19.338,0.0
0.014,0,-19.347,-19.347,0.0
0.014,0,-19.454,-19.454,0.0
0.014,1,-19.434,-19.434,0.0
0.014,0,-19.327,-19.327,0.0
0.014,0,-19.467,-19.467,0.0
0.014,0,-19.346,-19.346,0.0
0.014,0,-19.342,-19.342,0.0
0.014,1,-19.195,-19.195,0.0
0.014,1,-19.189,-19.189,0.0
0.014,0,-18.877,-18.877,0.0
0.014,0,-19.036,-19.036,0.0
0.014,0,-18.962,-18.962,0.0
0.014,0,-19.312,-19.312,0.0
0.015,0,-19.053,-19.053,0.0
0.015,1,-19.478,-19.478,0.0
0.015,0,-19.358,-19.358,0.0
0.015,0,-19.319,-19.319,0.0
0.015,0,-19.49,-19.49,0.0
0.015,0,-19.527,-19.527,0.0
0.015,0,-19.36,-19.36,0.0
0.015,0,-19.47,-19.47,0.0
0.015,0,-19.266,-19.266,0.0
0.015,0,-19.098,-19.098,0.0
0.015,0,-19.437,-19.437,0.0
0.015,0,-19.325,-19.325,0.0
0.015,0,-19.372,-19.372,0.0
0.015,1,-19.434,-19.434,0.0
0.015,0,-19.148,-19.148,0.0
0.015,0,-19.565,-19.565,0.0
0.015,0,-19.308,-19.308,0.0
0.015,0,-19.018,-19.018,0.0
0.015,0,-19.287,-19.287,0.0
0.015,0,-19.333,-19.333,0.0
0.015,1,-19.097,-19.097,0.0
0.015,1,-19.113,-19.113,0.0
0.015,1,-19.16,-19.16,0.0
0.015,0,-19.372,-19.372,0.0
0.015,0,-19.486,-19.486,0.0
0.016,1,-19.591,-19.591,0.0
0.016,1,-19.574,-19.574,0.0
0.016,1,-19.215,-19.215,0.0
0.016,1,-19.258,-19.258,0.0
0.016,0,-19.061,-19.061,0.0
0.016,1,-19.242,-19.242,0.0
0.016,1,-19.412,-19.412,0.0
0.016,1,-19.341,-19.341,0.0
0.016,1,-19.422,-19.422,0.0
0.016,1,-19.514,-19.514,0.0
0.016,1,-19.031,-19.031,0.0
0.016,1,-19.396,-19.396,0.0
0.016,1,-19.261,-19.261,0.0
0.016,1,-19.295,-19.295,0.0
0.016,0,-19.394,-19.394,0.0
0.016,0,-19.339,-19.339,0.0
0.017,1,-19.097,-19.097,0.0
0.017,1,-19.511,-19.511,0.0
0.017,0,-19.355,-19.355,0.0
0.017,0,-19.544,-19.544,0.0
0.017,1,-19.244,-19.244,0.0
0.017,1,-19.188,-19.188,0.0
0.017,0,-19.637,-19.637,0.0
0.017,0,-19.377,-19.377,0.0
0.017,1,-19.085,-19.085,0.0
0.017,1,-19.016,-19.016,0.0
0.017,1,-19.582,-19.582,0.0
0.017,1,-19.719,-19.719,0.0
0.017,1,-19.663,-19.663,0.0
0.017,0,-19.073,-19.073,0.0
0.017,0,-19.229,-19.229,0.0
0.017,1,-19.496,-19.496,0.0
0.017,1,-19.382,-19.382,0.0
0.017,1,-19.574,-19.574,0.0
0.017,1,-19.396,-19.396,0.0
0.017,1,-18.99,-18.99,0.0
0.017,1,-19.467,-19.467,0.0
0.017,1,-19.459,-19.459,0.0
0.017,0,-19.214,-19.214,0.0
0.017,0,-19.105,-19.105,0.0
0.017,0,-19.255,-19.255,0.0
0.017,1,-19.31,-19.31,0.0
0.017,1,-19.353,-19.353,0.0
0.017,0,-19.847,-19.847,0.0
0.017,1,-19.31,-19.31,0.0
0.017,1,-19.319,-19.319,0.0
0.018,1,-19.492,-19.492,0.0
0.018,0,-19.446,-19.446,0.0
0.018,1,-19.334,-19.334,0.0
0.018,1,-19.424,-19.424,0.0
0.018,1,-19.384,-19.384,0.0
0.018,1,-19.436,-19.436,0.0
0.018,0,-19.388,-19.388,0.0
0.018,1,-19.434,-19.434,0.0
0.018,1,-19.1,-19.1,0.0
0.018,0,-18.75,-18.75,0.0
0.018,1,-19.528,-19.528,0.0
0.018,0,-19.305,-19.305,0.0
0.019,1,-19.271,-19.271,0.0
0.019,1,-19.187,-19.187,0.0
0.019,1,-19.158,-19.158,0.0
0.019,1,-19.203,-19.203,0.0
0.019,0,-19.17,-19.17,0.0
0.019,1,-19.24,-19.24,0.0
0.019,1,-19.3,-19.3,0.0
0.019,0,-19.393,-19.393,0.0
0.019,1,-19.094,-19.094,0.0
0.019,1,-19.06,-19.06,0.0
0.02,1,-19.143,-19.143,0.0
0.02,1,-19.161,-19.161,0.0
0.02,0,-19.215,-19.215,0.0
0.02,0,-19.557,-19.557,0.0
0.02,0,-19.243,-19.243,0.0
0.02,0,-19.422,-19.422,0.0
0.02,1,-19.441,-19.441,0.0
0.02,1,-19.246,-19.246,0.0
0.02,1,-19.353,-19.353,0.0
0.02,1,-19.451,-19.451,0.0
0.02,1,-19.376,-19.376,0.0
0.02,1,-19.304,-19.304,0.0
0.02,1,-18.955,-18.955,0.0
0.02,0,-19.148,-19.148,0.0
0.02,0,-19.389,-19.389,0.0
0.02,1,-19.394,-19.394,0.0
0.02,1,-19.4,-19.4,0.0
0.02,1,-19.472,-19.472,0.0
0.02,0,-19.32,-19.32,0.0
0.02,0,-18.854,-18.854,0.0
0.021,0,-19.427,-19.427,0.0
0.021,1,-19.571,-19.571,0.0
0.021,1,-19.423,-19.423,0.0
0.021,0,-19.528,-19.528,0.0
0.021,1,-19.341,-19.341,0.0
0.021,1,-19.38,-19.38,0.0
0.021,0,-19.212,-19.212,0.0
0.021,0,-19.334,-19.334,0.0
0.021,1,-19.371,-19.371,0.0
0.021,1,-19.675,-19.675,0.0
0.021,0,-19.231,-19.231,0.0
0.021,0,-18.935,-18.935,0.0
0.021,0,-18.847,-18.847,0.0
0.021,1,-19.31,-19.31,0.0
0.021,1,-19.331,-19.331,0.0
0.021,1,-19.324,-19.324,0.0
0.021,1,-19.306,-19.306,0.0
0.021,1,-19.725,-19.725,0.0
0.022,0,-19.496,-19.496,0.0
0.022,0,-19.477,-19.477,0.0
0.022,0,-19.335,-19.335,0.0
0.022,1,-19.36,-19.36,0.0
0.022,1,-19.344,-19.344,0.0
0.022,0,-19.274,-19.274,0.0
0.022,1,-19.168,-19.168,0.0
0.022,1,-19.465,-19.465,0.0
0.022,0,-19.393,-19.393,0.0
0.022,0,-19.258,-19.258,0.0
0.022,1,-19.102,-19.102,0.0
0.022,0,-19.141,-19.141,0.0
0.022,1,-19.357,-19.357,0.0
0.022,1,-19.34,-19.34,0.0
0.022,1,-19.242,-19.242,0.0
0.022,0,-19.396,-19.396,0.0
0.022,0,-19.299,-19.299,0.0
0.022,0,-19.39,-19.39,0.0
0.022,0,-19.402,-19.402,0.0
0.022,0,-19.314,-19.314,0.0
0.022,0,-19.416,-19.416,0.0
0.022,0,-19.375,-19.375,0.0
0.022,0,-19.137,-19.137,0.0
0.023,0,-19.459,-19.459,0.0
0.023,0,-19.356,-19.356,0.0
0.023,1,-19.335,-19.335,0.0
0.023,0,-19.522,-19.522,0.0
0.023,1,-18.959,-18.959,0.0
0.023,0,-19.369,-19.369,0.0
0.023,1,-19.231,-19.231,0.0
0.023,1,-19.259,-19.259,0.0
0.023,0,-19.25,-19.25,0.0
0.023,0,-19.473,-19.473,0.0
0.023,1,-19.222,-19.222,0.0
0.023,0,-19.365,-19.365,0.0
0.023,0,-19.336,-19.336,0.0
0.023,0,-19.202,-19.202,0.0
0.023,1,-19.614,-19.614,0.0
0.023,1,-19.832,-19.832,0.0
0.023,1,-19.287,-19.287,0.0
0.023,1,-19.264,-19.264,0.0
0.023,1,-19.294,-19.294,0.0
0.023,1,-19.415,-19.415,0.0
0.023,1,-19.415,-19.415,0.0
0.023,0,-19.441,-19.441,0.0
0.024,0,-19.442,-19.442,0.0
0.024,0,-19.283,-19.283,0.0
0.024,0,-19.245,-19.245,0.0
0.024,0,-19.335,-19.335,0.0
0.024,0,-19.714,-19.714,0.0
0.024,1,-19.339,-19.339,0.0
0.024,0,-19.354,-19.354,0.0
0.024,1,-19.32,-19.32,0.0
0.024,0,-19.427,-19.427,0.0
0.024,0,-19.322,-19.322,0.0
0.024,0,-19.418,-19.418,0.0
0.024,1,-19.225,-19.225,0.0
0.024,0,-19.231,-19.231,0.0
0.024,0,-19.864,-19.864,0.0
0.024,0,-19.458,-19.458,0.0
0.024,0,-19.399,-19.399,0.0
0.024,0,-19.257,-19.257,0.0
0.024,1,-19.17,-19.17,0.0
0.024,1,-19.275,-19.275,0.0
0.024,1,-19.367,-19.367,0.0
0.024,1,-19.401,-19.401,0.0
0.024,0,-19.123,-19.123,0.0
0.024,0,-19.346,-19.346,0.0
0.025,1,-19.365,-19.365,0.0
0.025,1,-19.299,-19.299,0.0
0.025,1,-19.424,-19.424,0.0
0.025,0,-19.198,-19.198,0.0
0.025,1,-19.275,-19.275,0.0
0.025,1,-19.329,-19.329,0.0
0.025,1,-19.491,-19.491,0.0
0.025,1,-19.43,-19.43,0.0
0.025,0,-19.576,-19.576,0.0
0.025,0,-19.574,-19.574,0.0
0.025,0,-19.321,-19.321,0.0
0.025,0,-19.212,-19.212,0.0
0.025,0,-19.207,-19.207,0.0
0.025,0,-19.586,-19.586,0.0
0.025,0,-19.575,-19.575,0.0
0.025,1,-19.344,-19.344,0.0
0.025,0,-19.414,-19.414,0.0
0.025,1,-19.398,-19.398,0.0
0.025,0,-19.968,-19.968,0.0
0.025,0,-19.518,-19.518,0.0
0.025,0,-19.231,-19.231,0.0
0.025,0,-19.202,-19.202,0.0
0.025,1,-19.317,-19.317,0.0
0.025,1,-19.317,-19.317,0.0
0.025,0,-19.449,-19.449,0.0
0.025,1,-19.492,-19.492,0.0
0.025,1,-19.53,-19.53,0.0
0.025,1,-19.256,-19.256,0.0
0.025,0,-19.247,-19.247,0.0
0.026,1,-19.28,-19.28,0.0
0.026,1,-19.402,-19.402,0.0
0.026,1,-19.721,-19.721,0.0
0.026,0,-19.375,-19.375,0.0
0.026,1,-19.096,-19.096,0.0
0.026,0,-19.206,-19.206,0.0
0.026,0,-19.391,-19.391,0.0
0.026,0,-19.664,-19.664,0.0
0.026,1,-19.188,-19.188,0.0
0.026,1,-19.237,-19.237,0.0
0.026,1,-19.179,-19.179,0.0
0.026,0,-19.505,-19.505,0.0
0.027,0,-19.25,-19.25,0.0
0.027,1,-19.307,-19.307,0.0
0.027,1,-19.286,-19.286,0.0
0.027,1,-19.46,-19.46,0.0
0.027,1,-19.342,-19.342,0.0
0.027,0,-19.272,-19.272,0.0
0.027,0,-19.318,-19.318,0.0
0.027,0,-19.34,-19.34,0.0
0.027,0,-19.264,-19.264,0.0
0.027,0,-19.496,-19.496,0.0
0.027,0,-19.381,-19.381,0.0
0.027,1,-19.299,-19.299,0.0
0.027,0,-19.311,-19.311,0.0
0.027,1,-19.092,-19.092,0.0
0.027,0,-19.508,-19.508,0.0
0.027,0,-19.468,-19.468,0.0
0.027,0,-19.51,-19.51,0.0
0.028,1,-19.294,-19.294,0.0
0.028,1,-18.939,-18.939,0.0
0.028,0,-19.536,-19.536,0.0
0.028,1,-18.996,-18.996,0.0
0.028,0,-19.313,-19.313,0.0
0.028,0,-19.36,-19.36,0.0
0.028,1,-19.39,-19.39,0.0
0.028,1,-19.174,-19.174,0.0
0.028,1,-19.124,-19.124,0.0
0.028,1,-19.122,-19.122,0.0
0.028,1,-19.421,-19.421,0.0
0.028,1,-19.324,-19.324,0.0
0.028,1,-19.354,-19.354,0.0
0.028,0,-19.595,-19.595,0.0
0.028,0,-19.263,-19.263,0.0
0.028,0,-19.409,-19.409,0.0
0.028,0,-19.341,-19.341,0.0
0.028,0,-19.504,-19.504,0.0
0.029,1,-19.107,-19.107,0.0
0.029,1,-19.048,-19.048,0.0
0.029,1,-19.368,-19.368,0.0
0.029,1,-19.303,-19.303,0.0
0.029,1,-19.77,-19.77,0.0
0.029,1,-19.454,-19.454,0.0
0.029,1,-19.26,-19.26,0.0
0.029,1,-19.685,-19.685,0.0
0.029,0,-19.234,-19.234,0.0
0.029,0,-19.056,-19.056,0.0
0.029,1,-19.513,-19.513,0.0
0.029,1,-19.151,-19.151,0.0
0.029,1,-19.145,-19.145,0.0
0.029,1,-19.296,-19.296,0.0
0.029,1,-19.496,-19.496,0.0
0.029,0,-19.68,-19.68,0.0
0.029,0,-19.168,-19.168,0.0
0.029,0,-19.413,-19.413,0.0
0.03,1,-19.313,-19.313,0.0
0.03,0,-19.274,-19.274,0.0
0.03,0,-19.512,-19.512,0.0
0.03,0,-19.296,-19.296,0.0
0.03,1,-19.285,-19.285,0.0
0.03,0,-19.37,-19.37,0.0
0.03,0,-18.949,-18.949,0.0
0.03,1,-19.302,-19.302,0.0
0.03,1,-19.338,-19.338,0.0
0.03,1,-19.346,-19.346,0.0
0.03,1,-19.311,-19.311,0.0
0.03,0,-19.281,-19.281,0.0
0.03,1,-19.359,-19.359,0.0
0.03,0,-19.313,-19.313,0.0
0.031,1,-19.497,-19.497,0.0
0.031,1,-19.515,-19.515,0.0
0.031,1,-19.259,-19.259,0.0
0.031,0,-19.408,-19.408,0.0
0.031,1,-19.459,-19.459,0.0
0.031,1,-19.386,-19.386,0.0
0.031,1,-19.234,-19.234,0.0
0.031,1,-18.968,-18.968,0.0
0.031,1,-19.485,-19.485,0.0
0.031,1,-19.553,-19.553,0.0
0.031,0,-19.327,-19.327,0.0
0.031,1,-19.225,-19.225,0.0
0.031,1,-19.354,-19.354,0.0
0.031,1,-19.308,-19.308,0.0
0.031,0,-19.366,-19.366,0.0
0.031,1,-19.23,-19.23,0.0
0.031,1,-19.403,-19.403,0.0
0.031,1,-19.32,-19.32,0.0
0.031,1,-19.415,-19.415,0.0
0.031,1,-19.128,-19.128,0.0
0.031,1,-19.157,-19.157,0.0
0.031,1,-19.113,-19.113,0.0
0.031,1,-19.284,-19.284,0.0
0.031,1,-19.269,-19.269,0.0
0.031,0,-19.355,-19.355,0.0
0.031,0,-19.006,-19.006,0.0
0.031,1,-19.217,-19.217,0.0
0.031,0,-19.212,-19.212,0.0
0.032,1,-19.281,-19.281,0.0
0.032,1,-19.244,-19.244,0.0
0.032,1,-19.203,-19.203,0.0
0.032,0,-19.49,-19.49,0.0
0.032,1,-19.465,-19.465,0.0
0.032,0,-19.304,-19.304,0.0
0.033,0,-19.416,-19.416,0.0
0.033,1,-19.139,-19.139,0.0
0.033,1,-19.137,-19.137,0.0
0.033,1,-19.117,-19.117,0.0
0.033,1,-19.332,-19.332,0.0
0.033,0,-19.089,-19.089,0.0
0.033,1,-19.339,-19.339,0.0
0.033,1,-19.366,-19.366,0.0
0.033,1,-19.36,-19.36,0.0
0.033,0,-19.377,-19.377,0.0
0.033,0,-19.176,-19.176,0.0
0.033,1,-19.29,-19.29,0.0
0.033,1,-19.218,-19.218,0.0
0.033,0,-19.287,-19.287,0.0
0.033,0,-19.128,-19.128,0.0
0.033,1,-19.404,-19.404,0.0
0.033,1,-19.379,-19.379,0.0
0.033,1,-19.317,-19.317,0.0
0.033,1,-19.229,-19.229,0.0
0.033,1,-19.184,-19.184,0.0
0.033,1,-19.197,-19.197,0.0
0.034,1,-19.289,-19.289,0.0
0.034,1,-19.241,-19.241,0.0
0.034,0,-19.048,-19.048,0.0
0.034,1,-19.245,-19.245,0.0
0.034,1,-19.174,-19.174,0.0
0.034,0,-19.33,-19.33,0.0
0.034,1,-19.186,-19.186,0.0
0.034,1,-19.167,-19.167,0.0
0.034,1,-19.327,-19.327,0.0
0.034,1,-19.288,-19.288,0.0
0.035,0,-19.144,-19.144,0.0
0.035,1,-19.39,-19.39,0.0
0.035,1,-19.281,-19.281,0.0
0.035,1,-19.233,-19.233,0.0
0.035,0,-19.276,-19.276,0.0
0.035,1,-19.266,-19.266,0.0
0.035,0,-19.359,-19.359,0.0
0.035,0,-19.357,-19.357,0.0
0.035,1,-19.329,-19.329,0.0
0.035,1,-19.308,-19.308,0.0
0.036,1,-19.192,-19.192,0.0
0.036,0,-18.959,-18.959,0.0
0.036,1,-19.238,-19.238,0.0
0.036,1,-19.043,-19.043,0.0
0.036,1,-19.269,-19.269,0.0
0.036,0,-19.652,-19.652,0.0
0.036,1,-19.221,-19.221,0.0
0.036,0,-19.363,-19.363,0.0
0.036,0,-19.042,-19.042,0.0
0.036,0,-19.23,-19.23,0.0
0.037,0,-19.333,-19.333,0.0
0.037,0,-19.378,-19.378,0.0
0.037,0,-19.196,-19.196,0.0
0.037,1,-19.468,-19.468,0.0
0.037,1,-19.345,-19.345,0.0
0.037,1,-19.204,-19.204,0.0
0.037,0,-19.193,-19.193,0.0
0.037,1,-19.311,-19.311,0.0
0.037,0,-19.229,-19.229,0.0
0.037,1,-19.28,-19.28,0.0
0.037,1,-19.294,-19.294,0.0
0.037,1,-19.42,-19.42,0.0
0.037,1,-19.317,-19.317,0.0
0.038,0,-19.354,-19.354,0.0
0.038,0,-18.972,-18.972,0.0
0.038,0,-19.087,-19.087,0.0
0.038,1,-19.317,-19.317,0.0
0.038,1,-19.262,-19.262,0.0
0.038,0,-19.239,-19.239,0.0
0.038,1,-19.447,-19.447,0.0
0.038,1,-19.479,-19.479,0.0
0.038,0,-19.233,-19.233,0.0
0.038,0,-18.832,-18.832,0.0
0.038,1,-19.132,-19.132,0.0
0.038,1,-19.102,-19.102,0.0
0.039,0,-19.36,-19.36,0.0
0.039,1,-19.353,-19.353,0.0
0.039,1,-19.376,-19.376,0.0
0.039,0,-19.196,-19.196,0.0
0.039,0,-19.181,-19.181,0.0
0.04,1,-19.167,-19.167,0.0
0.04,1,-18.914,-18.914,0.0
0.041,1,-19.457,-19.457,0.0
0.041,1,-19.392,-19.392,0.0
0.041,0,-19.493,-19.493,0.0
0.041,1,-19.365,-19.365,0.0
0.041,0,-19.084,-19.084,0.0
0.041,1,-19.456,-19.456,0.0
0.041,1,-19.182,-19.182,0.0
0.042,1,-18.973,-18.973,0.0
0.042,1,-19.351,-19.351,0.0
0.043,0,-19.07,-19.07,0.0
0.043,1,-19.292,-19.292,0.0
0.043,1,-19.671,-19.671,0.0
0.043,1,-19.342,-19.342,0.0
0.043,1,-19.387,-19.387,0.0
0.043,0,-19.394,-19.394,0.0
0.043,0,-19.359,-19.359,0.0
0.043,0,-19.21,-19.21,0.0
0.043,1,-19.413,-19.413,0.0
0.043,1,-19.338,-19.338,0.0
0.044,0,-19.377,-19.377,0.0
0.044,0,-19.326,-19.326,0.0
0.044,1,-19.124,-19.124,0.0
0.044,0,-19.38,-19.38,0.0
0.044,1,-19.121,-19.121,0.0
0.045,0,-19.172,-19.172,0.0
0.045,1,-19.239,-19.239,0.0
0.045,1,-19.025,-19.025,0.0
0.045,1,-19.269,-19.269,0.0
0.046,0,-19.274,-19.274,0.0
0.046,0,-19.224,-19.224,0.0
0.046,0,-19.584,-19.584,0.0
0.046,1,-19.364,-19.364,0.0
0.046,0,-19.498,-19.498,0.0
0.046,1,-19.225,-19.225,0.0
0.046,1,-19.445,-19.445,0.0
0.047,0,-19.268,-19.268,0.0
0.047,1,-19.309,-19.309,0.0
0.047,0,-19.31,-19.31,0.0
0.047,0,-19.303,-19.303,0.0
0.047,1,-19.034,-19.034,0.0
0.047,0,-19.25,-19.25,0.0
0.048,1,-19.224,-19.224,0.0
0.048,1,-19.238,-19.238,0.0
0.048,0,-19.27,-19.27,0.0
0.048,0,-19.354,-19.354,0.0
0.048,1,-19.486,-19.486,0.0
0.049,1,-19.54,-19.54,0.0
0.049,1,-19.232,-19.232,0.0
0.049,1,-19.304,-19.304,0.0
0.049,0,-19.437,-19.437,0.0
0.049,1,-19.325,-19.325,0.0
0.05,1,-19.286,-19.286,0.0
0.05,1,-19.457,-19.457,0.0
0.05,1,-19.371,-19.371,0.0
0.05,0,-19.085,-19.085,0.0
0.05,0,-19.406,-19.406,0.0
0.05,1,-19.49,-19.49,0.0
0.05,0,-19.408,-19.408,0.0
0.051,1,-19.252,-19.252,0.0
0.051,0,-19.109,-19.109,0.0
0.051,0,-19.098,-19.098,0.0
0.051,0,-19.594,-19.594,0.0
0.052,1,-19.412,-19.412,0.0
0.052,1,-19.241,-19.241,0.0
0.052,1,-19.152,-19.152,0.0
0.052,1,-19.477,-19.477,0.0
0.052,1,-19.187,-19.187,0.0
0.053,0,-19.131,-19.131,0.0
0.053,1,-19.289,-19.289,0.0
0.053,1,-19.22,-19.22,0.0
0.053,1,-19.217,-19.217,0.0
0.055,1,-19.297,-19.297,0.0
0.055,1,-19.272,-19.272,0.0
0.055,1,-19.5,-19.5,0.0
0.055,0,-19.291,-19.291,0.0
0.056,0,-19.377,-19.377,0.0
0.057,0,-19.293,-19.293,0.0
0.057,1,-19.179,-19.179,0.0
0.057,0,-19.234,-19.234,0.0
0.057,1,-19.163,-19.163,0.0
0.058,1,-19.286,-19.286,0.0
0.058,1,-19.336,-19.336,0.0
0.058,0,-19.316,-19.316,0.0
0.059,1,-19.311,-19.311,0.0
0.059,1,-19.146,-19.146,0.0
0.06,0,-20.024,-20.024,0.0
0.061,1,-19.335,-19.335,0.0
0.061,1,-19.207,-19.207,0.0
0.061,1,-19.177,-19.177,0.0
0.061,1,-19.239,-19.239,0.0
0.061,1,-19.423,-19.423,0.0
0.061,1,-19.414,-19.414,0.0
0.062,0,-19.315,-19.315,0.0
0.064,1,-19.115,-19.115,0.0
0.064,0,-19.451,-19.451,0.0
0.064,1,-19.413,-19.413,0.0
0.065,1,-19.436,-19.436,0.0
0.066,1,-19.191,-19.191,0.0
0.067,0,-19.399,-19.399,0.0
0.067,0,-19.157,-19.157,0.0
0.067,1,-19.351,-19.351,0.0
0.068,1,-19.112,-19.112,0.0
0.068,0,-19.386,-19.386,0.0
0.069,1,-19.216,-19.216,0.0
0.069,1,-19.359,-19.359,0.0
0.07,0,-19.386,-19.386,0.0
0.071,1,-19.395,-19.395,0.0
0.071,1,-19.414,-19.414,0.0
0.071,0,-19.218,-19.218,0.0
0.071,1,-19.218,-19.218,0.0
0.071,1,-19.247,-19.247,0.0
0.071,0,-18.973,-18.973,0.0
0.071,0,-19.331,-19.331,0.0
0.071,1,-19.355,-19.355,0.0
0.072,1,-19.473,-19.473,0.0
0.072,0,-19.31,-19.31,0.0
0.072,0,-19.172,-19.172,0.0
0.072,0,-19.111,-19.111,0.0
0.073,1,-19.129,-19.129,0.0
0.074,0,-19.241,-19.241,0.0
0.074,1,-19.373,-19.373,0.0
0.074,1,-19.36,-19.36,0.0
0.075,0,-19.355,-19.355,0.0
0.075,0,-19.266,-19.266,0.0
0.076,1,-19.029,-19.029,0.0
0.076,0,-19.302,-19.302,0.0
0.076,0,-19.217,-19.217,0.0
0.078,0,-19.354,-19.354,0.0
0.079,0,-19.098,-19.098,0.0
0.079,1,-18.918,-18.918,0.0
0.079,1,-18.839,-18.839,0.0
0.079,0,-19.34,-19.34,0.0
0.079,1,-19.158,-19.158,0.0
0.079,1,-19.419,-19.419,0.0
0.08,0,-19.366,-19.366,0.0
0.08,1,-19.304,-19.304,0.0
0.082,0,-19.293,-19.293,0.0
0.082,1,-19.216,-19.216,0.0
0.083,0,-19.368,-19.368,0.0
0.083,1,-19.058,-19.058,0.0
0.084,1,-19.11,-19.11,0.0
0.086,1,-19.281,-19.281,0.0
0.087,0,-19.307,-19.307,0.0
0.089,0,-19.42,-19.42,0.0
0.09,0,-19.318,-19.318,0.0
0.091,0,-19.224,-19.224,0.0
0.092,0,-19.119,-19.119,0.0
0.093,0,-19.077,-19.077,0.0
0.1,0,-19.014,-19.014,0.0
0.102,0,-19.201,-19.201,0.0
0.102,0,-19.103,-19.103,0.0
0.102,0,-19.266,-19.266,0.0
0.103,1,-19.346,-19.346,0.0
0.104,1,-19.208,-19.208,0.0
0.104,1,-19.336,-19.336,0.0
0.105,0,-19.143,-19.143,0.0
0.107,0,-19.344,-19.344,0.0
0.107,1,-19.152,-19.152,0.0
0.107,0,-19.186,-19.186,0.0
0.107,1,-18.836,-18.836,0.0
0.108,1,-19.13,-19.13,0.0
0.108,0,-19.231,-19.231,0.0
0.109,1,-19.254,-19.254,0.0
0.11,1,-19.105,-19.105,0.0
0.113,0,-19.105,-19.105,0.0
0.114,1,-19.364,-19.364,0.0
0.117,0,-19.261,-19.261,0.0
0.117,0,-19.173,-19.173,0.0
0.118,0,-19.25,-19.25,0.0
0.118,1,-19.22,-19.22,0.0
0.118,1,-19.418,-19.418,0.0
0.119,1,-19.287,-19.287,0.0
0.12,0,-19.275,-19.275,0.0
0.121,1,-19.086,-19.086,0.0
0.121,0,-19.249,-19.249,0.0
0.122,0,-19.312,-19.312,0.0
0.122,0,-19.299,-19.299,0.0
0.123,1,-19.234,-19.234,0.0
0.123,0,-19.329,-19.329,0.0
0.124,0,-19.317,-19.317,0.0
0.124,0,-19.136,-19.136,0.0
0.124,0,-19.114,-19.114,0.0
0.124,1,-19.29,-19.29,0.0
0.124,0,-19.107,-19.107,0.0
0.125,1,-19.193,-19.193,0.0
0.126,0,-18.828,-18.828,0.0
0.126,0,-19.485,-19.485,0.0
0.127,1,-19.183,-19.183,0.0
0.127,0,-19.311,-19.311,0.0
0.127,0,-19.255,-19.255,0.0
0.127,0,-19.216,-19.216,0.0
0.129,1,-19.278,-19.278,0.0
0.129,1,-19.193,-19.193,0.0
0.13,1,-19.205,-19.205,0.0
0.13,1,-19.197,-19.197,0.0
0.132,1,-19.273,-19.273,0.0
0.133,1,-19.31,-19.31,0.0
0.134,0,-19.282,-19.282,0.0
0.134,0,-19.266,-19.266,0.0
0.135,1,-18.891,-18.891,0.0
0.135,0,-19.059,-19.059,0.0
0.136,0,-19.173,-19.173,0.0
0.137,1,-19.309,-19.309,0.0
0.137,1,-19.154,-19.154,0.0
0.137,0,-19.204,-19.204,0.0
0.137,0,-18.82,-18.82,0.0
0.138,1,-19.298,-19.298,0.0
0.138,0,-19.234,-19.234,0.0
0.138,1,-19.164,-19.164,0.0
0.139,0,-19.148,-19.148,0.0
0.139,1,-19.192,-19.192,0.0
0.139,1,-19.146,-19.146,0.0
0.14,1,-19.184,-19.184,0.0
0.141,1,-19.048,-19.048,0.0
0.141,1,-18.945,-18.945,0.0
0.141,0,-19.191,-19.191,0.0
0.141,0,-19.11,-19.11,0.0
0.143,0,-19.217,-19.217,0.0
0.143,0,-18.751,-18.751,0.0
0.144,1,-19.155,-19.155,0.0
0.144,1,-19.2,-19.2,0.0
0.144,0,-19.263,-19.263,0.0
0.145,1,-19.145,-19.145,0.0
0.146,0,-19.126,-19.126,0.0
0.147,0,-19.156,-19.156,0.0
0.147,0,-19.312,-19.312,0.0
0.147,0,-19.361,-19.361,0.0
0.148,1,-19.198,-19.198,0.0
0.148,1,-19.172,-19.172,0.0
0.148,1,-19.109,-19.109,0.0
0.148,0,-19.299,-19.299,0.0
0.148,1,-19.318,-19.318,0.0
0.149,0,-19.191,-19.191,0.0
0.149,1,-19.247,-19.247,0.0
0.15,0,-19.268,-19.268,0.0
0.151,1,-19.21,-19.21,0.0
0.152,0,-19.348,-19.348,0.0
0.153,0,-19.086,-19.086,0.0
0.153,1,-19.196,-19.196,0.0
0.153,1,-19.317,-19.317,0.0
0.153,1,-19.161,-19.161,0.0
0.154,0,-19.055,-19.055,0.0
0.155,0,-19.234,-19.234,0.0
0.155,0,-19.166,-19.166,0.0
0.155,0,-19.046,-19.046,0.0
0.156,0,-19.484,-19.484,0.0
0.157,1,-19.256,-19.256,0.0
0.159,1,-19.412,-19.412,0.0
0.159,0,-19.073,-19.073,0.0
0.159,1,-19.551,-19.551,0.0
0.159,1,-19.413,-19.413,0.0
0.16,1,-19.469,-19.469,0.0
0.16,1,-19.284,-19.284,0.0
0.161,1,-19.313,-19.313,0.0
0.161,1,-19.096,-19.096,0.0
0.161,0,-19.306,-19.306,0.0
0.161,0,-19.218,-19.218,0.0
0.162,0,-19.219,-19.219,0.0
0.164,1,-19.283,-19.283,0.0
0.164,0,-19.31,-19.31,0.0
0.165,1,-19.247,-19.247,0.0
0.165,1,-19.261,-19.261,0.0
0.166,0,-19.101,-19.101,0.0
0.166,1,-19.413,-19.413,0.0
0.168,1,-19.349,-19.349,0.0
0.169,0,-19.122,-19.122,0.0
0.17,0,-18.971,-18.971,0.0
0.17,1,-19.179,-19.179,0.0
0.171,0,-19.121,-19.121,0.0
0.172,0,-19.209,-19.209,0.0
0.173,0,-19.179,-19.179,0.0
0.173,1,-19.415,-19.415,0.0
0.173,0,-18.96,-18.96,0.0
0.173,1,-19.304,-19.304,0.0
0.174,1,-19.156,-19.156,0.0
0.174,0,-19.348,-19.348,0.0
0.174,1,-19.1,-19.1,0.0
0.174,1,-19.128,-19.128,0.0
0.174,0,-19.371,-19.371,0.0
0.174,1,-19.199,-19.199,0.0
0.174,0,-19.151,-19.151,0.0
0.174,1,-19.22,-19.22,0.0
0.175,1,-18.969,-18.969,0.0
0.177,1,-19.217,-19.217,0.0
0.177,1,-19.23,-19.23,0.0
0.177,1,-19.266,-19.266,0.0
0.178,1,-19.41,-19.41,0.0
0.178,1,-19.102,-19.102,0.0
0.179,0,-18.79,-18.79,0.0
0.179,1,-19.123,-19.123,0.0
0.179,1,-18.998,-18.998,0.0
0.179,1,-19.232,-19.232,0.0
0.18,0,-19.219,-19.219,0.0
0.18,1,-19.221,-19.221,0.0
0.18,1,-19.177,-19.177,0.0
0.18,1,-18.779,-18.779,0.0
0.18,1,-19.413,-19.413,0.0
0.181,1,-19.282,-19.282,0.0
0.181,1,-19.069,-19.069,0.0
0.181,1,-19.147,-19.147,0.0
0.181,0,-19.172,-19.172,0.0
0.181,1,-19.166,-19.166,0.0
0.181,1,-19.133,-19.133,0.0
0.181,1,-19.306,-19.306,0.0
0.181,1,-19.399,-19.399,0.0
0.182,1,-19.217,-19.217,0.0
0.182,1,-19.279,-19.279,0.0
0.182,0,-19.116,-19.116,0.0
0.183,0,-19.025,-19.025,0.0
0.184,0,-19.221,-19.221,0.0
0.184,0,-19.142,-19.142,0.0
0.184,0,-19.072,-19.072,0.0
0.184,1,-19.03,-19.03,0.0
0.185,0,-18.894,-18.894,0.0
0.185,1,-19.044,-19.044,0.0
0.185,1,-19.181,-19.181,0.0
0.185,1,-19.224,-19.224,0.0
0.185,0,-19.095,-19.095,0.0
0.185,0,-19.205,-19.205,0.0
0.185,1,-19.298,-19.298,0.0
0.185,1,-19.053,-19.053,0.0
0.187,1,-19.102,-19.102,0.0
0.187,1,-19.096,-19.096,0.0
0.188,0,-19.13,-19.13,0.0
0.189,1,-19.448,-19.448,0.0
0.189,0,-19.078,-19.078,0.0
0.189,1,-18.953,-18.953,0.0
0.189,1,-18.749,-18.749,0.0
0.189,1,-19.15,-19.15,0.0
0.19,0,-19.13,-19.13,0.0
0.19,1,-19.169,-19.169,0.0
0.19,1,-19.02,-19.02,0.0
0.19,1,-19.214,-19.214,0.0
0.19,1,-18.985,-18.985,0.0
0.194,0,-19.148,-19.148,0.0
0.194,1,-19.07,-19.07,0.0
0.195,1,-18.827,-18.827,0.0
0.196,0,-19.251,-19.251,0.0
0.196,1,-19.055,-19.055,0.0
0.196,0,-19.006,-19.006,0.0
0.196,1,-19.241,-19.241,0.0
0.196,1,-19.196,-19.196,0.0
0.196,1,-19.131,-19.131,0.0
0.196,1,-19.079,-19.079,0.0
0.197,1,-19.181,-19.181,0.0
0.197,1,-19.291,-19.291,0.0
0.198,0,-19.497,-19.497,0.0
0.198,1,-19.237,-19.237,0.0
0.198,0,-19.106,-19.106,0.0
0.199,0,-18.673,-18.673,0.0
0.199,0,-19.111,-19.111,0.0
0.199,0,-19.111,-19.111,0.0
0.199,0,-18.981,-18.981,0.0
0.2,0,-19.157,-19.157,0.0
0.2,1,-19.333,-19.333,0.0
0.2,1,-19.114,-19.114,0.0
0.201,0,-19.338,-19.338,0.0
0.201,0,-19.039,-19.039,0.0
0.201,1,-19.256,-19.256,0.0
0.201,1,-19.17,-19.17,0.0
0.202,0,-19.421,-19.421,0.0
0.202,1,-19.047,-19.047,0.0
0.203,1,-19.207,-19.207,0.0
0.203,1,-19.084,-19.084,0.0
0.203,1,-19.168,-19.168,0.0
0.203,0,-19.123,-19.123,0.0
0.203,0,-19.117,-19.117,0.0
0.204,0,-19.152,-19.152,0.0
0.205,1,-19.185,-19.185,0.0
0.205,1,-19.225,-19.225,0.0
0.205,1,-18.906,-18.906,0.0
0.206,0,-19.263,-19.263,0.0
0.207,1,-19.168,-19.168,0.0
0.207,1,-18.78,-18.78,0.0
0.208,1,-19.024,-19.024,0.0
0.208,1,-19.377,-19.377,0.0
0.209,1,-19.232,-19.232,0.0
0.209,0,-19.006,-19.006,0.0
0.209,0,-19.246,-19.246,0.0
0.209,0,-19.231,-19.231,0.0
0.209,1,-19.277,-19.277,0.0
0.21,1,-18.977,-18.977,0.0
0.21,0,-19.673,-19.673,0.0
0.211,1,-19.17,-19.17,0.0
0.211,1,-19.328,-19.328,0.0
0.211,1,-19.181,-19.181,0.0
0.211,1,-18.997,-18.997,0.0
0.212,1,-19.175,-19.175,0.0
0.212,0,-19.232,-19.232,0.0
0.212,1,-19.21,-19.21,0.0
0.213,1,-19.139,-19.139,0.0
0.214,1,-19.154,-19.154,0.0
0.214,0,-19.279,-19.279,0.0
0.214,1,-19.153,-19.153,0.0
0.215,1,-19.295,-19.295,0.0
0.215,0,-18.715,-18.715,0.0
0.216,0,-18.96,-18.96,0.0
0.216,1,-19.367,-19.367,0.0
0.217,0,-19.13,-19.13,0.0
0.217,0,-19.104,-19.104,0.0
0.217,1,-19.063,-19.063,0.0
0.218,0,-19.213,-19.213,0.0
0.218,0,-18.991,-18.991,0.0
0.219,1,-19.075,-19.075,0.0
0.219,1,-19.026,-19.026,0.0
0.219,0,-19.089,-19.089,0.0
0.219,1,-19.189,-19.189,0.0
0.219,1,-19.218,-19.218,0.0
0.22,1,-19.114,-19.114,0.0
0.22,1,-19.165,-19.165,0.0
0.22,1,-19.139,-19.139,0.0
0.22,0,-18.989,-18.989,0.0
0.22,1,-19.308,-19.308,0.0
0.221,0,-19.048,-19.048,0.0
0.221,1,-19.158,-19.158,0.0
0.221,1,-19.198,-19.198,0.0
0.221,1,-19.184,-19.184,0.0
0.222,1,-19.051,-19.051,0.0
0.223,1,-18.934,-18.934,0.0
0.223,1,-19.114,-19.114,0.0
0.224,0,-19.252,-19.252,0.0
0.224,0,-19.145,-19.145,0.0
0.224,1,-19.33,-19.33,0.0
0.225,0,-19.167,-19.167,0.0
0.225,0,-19.135,-19.135,0.0
0.225,0,-19.151,-19.151,0.0
0.226,0,-19.099,-19.099,0.0
0.226,0,-19.301,-19.301,0.0
0.226,1,-18.903,-18.903,0.0
0.227,1,-19.206,-19.206,0.0
0.228,1,-19.088,-19.088,0.0
0.229,0,-19.156,-19.156,0.0
0.229,1,-19.1,-19.1,0.0
0.23,0,-19.192,-19.192,0.0
0.23,0,-19.203,-19.203,0.0
0.23,1,-19.028,-19.028,0.0
0.231,1,-19.266,-19.266,0.0
0.231,1,-19.233,-19.233,0.0
0.231,0,-19.043,-19.043,0.0
0.231,1,-19.025,-19.025,0.0
0.232,1,-19.145,-19.145,0.0
0.232,1,-19.258,-19.258,0.0
0.232,0,-19.145,-19.145,0.0
0.233,0,-19.523,-19.523,0.0
0.234,0,-19.18,-19.18,0.0
0.234,1,-18.952,-18.952,0.0
0.234,0,-19.189,-19.189,0.0
0.234,1,-19.229,-19.229,0.0
0.235,1,-19.185,-19.185,0.0
0.235,0,-19.098,-19.098,0.0
0.235,0,-19.22,-19.22,0.0
0.235,0,-19.218,-19.218,0.0
0.236,1,-19.15,-19.15,0.0
0.236,1,-19.011,-19.011,0.0
0.237,1,-19.131,-19.131,0.0
0.237,1,-18.927,-18.927,0.0
0.237,0,-19.277,-19.277,0.0
0.237,1,-19.169,-19.169,0.0
0.237,1,-19.175,-19.175,0.0
0.237,1,-18.666,-18.666,0.0
0.238,1,-19.175,-19.175,0.0
0.239,1,-19.516,-19.516,0.0
0.24,0,-19.295,-19.295,0.0
0.24,1,-19.044,-19.044,0.0
0.241,0,-19.033,-19.033,0.0
0.241,1,-19.109,-19.109,0.0
0.242,0,-19.319,-19.319,0.0
0.242,0,-19.27,-19.27,0.0
0.242,1,-18.883,-18.883,0.0
0.243,1,-19.031,-19.031,0.0
0.243,0,-18.88,-18.88,0.0
0.243,1,-19.206,-19.206,0.0
0.244,1,-18.922,-18.922,0.0
0.244,0,-19.169,-19.169,0.0
0.244,1,-19.262,-19.262,0.0
0.245,0,-19.343,-19.343,0.0
0.245,1,-19.141,-19.141,0.0
0.245,1,-18.98,-18.98,0.0
0.246,1,-19.12,-19.12,0.0
0.246,1,-19.049,-19.049,0.0
0.246,1,-19.137,-19.137,0.0
0.246,1,-19.109,-19.109,0.0
0.247,0,-19.205,-19.205,0.0
0.247,1,-19.097,-19.097,0.0
0.247,1,-19.294,-19.294,0.0
0.248,1,-19.302,-19.302,0.0
0.249,0,-19.015,-19.015,0.0
0.249,1,-19.079,-19.079,0.0
0.249,1,-19.141,-19.141,0.0
0.249,1,-19.181,-19.181,0.0
0.249,1,-19.083,-19.083,0.0
0.249,0,-19.194,-19.194,0.0
0.25,0,-18.843,-18.843,0.0
0.25,1,-19.221,-19.221,0.0
0.25,1,-19.126,-19.126,0.0
0.25,1,-18.924,-18.924,0.0
0.25,0,-19.145,-19.145,0.0
0.25,1,-19.108,-19.108,0.0
0.251,0,-18.955,-18.955,0.0
0.251,0,-19.224,-19.224,0.0
0.251,0,-19.14,-19.14,0.0
0.252,1,-19.067,-19.067,0.0
0.253,0,-19.08,-19.08,0.0
0.253,0,-19.136,-19.136,0.0
0.253,0,-19.18,-19.18,0.0
0.254,0,-19.521,-19.521,0.0
0.254,1,-19.101,-19.101,0.0
0.256,1,-18.929,-18.929,0.0
0.256,1,-19.016,-19.016,0.0
0.256,1,-19.203,-19.203,0.0
0.257,1,-19.078,-19.078,0.0
0.257,1,-19.007,-19.007,0.0
0.257,1,-19.091,-19.091,0.0
0.258,1,-18.979,-18.979,0.0
0.258,0,-19.064,-19.064,0.0
0.259,0,-19.13,-19.13,0.0
0.259,1,-19.086,-19.086,0.0
0.259,1,-19.058,-19.058,0.0
0.259,0,-19.313,-19.313,0.0
0.259,1,-19.176,-19.176,0.0
0.259,0,-19.08,-19.08,0.0
0.26,0,-19.162,-19.162,0.0
0.261,0,-19.11,-19.11,0.0
0.261,1,-19.004,-19.004,0.0
0.261,1,-19.174,-19.174,0.0
0.262,0,-19.204,-19.204,0.0
0.262,1,-18.936,-18.936,0.0
0.262,0,-18.942,-18.942,0.0
0.262,1,-19.232,-19.232,0.0
0.262,1,-18.931,-18.931,0.0
0.262,0,-18.904,-18.904,0.0
0.263,1,-18.371,-18.371,0.0
0.263,1,-18.998,-18.998,0.0
0.264,1,-19.24,-19.24,0.0
0.264,1,-19.084,-19.084,0.0
0.264,1,-19.339,-19.339,0.0
0.264,1,-19.01,-19.01,0.0
0.264,0,-19.137,-19.137,0.0
0.265,0,-19.133,-19.133,0.0
0.265,1,-18.977,-18.977,0.0
0.266,0,-19.05,-19.05,0.0
0.266,0,-19.334,-19.334,0.0
0.266,1,-19.374,-19.374,0.0
0.267,1,-19.123,-19.123,0.0
0.268,1,-19.166,-19.166,0.0
0.268,1,-19.217,-19.217,0.0
0.269,1,-19.103,-19.103,0.0
0.269,0,-19.227,-19.227,0.0
0.269,0,-19.081,-19.081,0.0
0.27,0,-19.06,-19.06,0.0
0.27,1,-19.187,-19.187,0.0
0.271,1,-19.185,-19.185,0.0
0.271,0,-19.214,-19.214,0.0
0.271,1,-19.138,-19.138,0.0
0.273,1,-19.176,-19.176,0.0
0.274,1,-19.252,-19.252,0.0
0.275,1,-18.993,-18.993,0.0
0.275,0,-18.96,-18.96,0.0
0.275,0,-19.209,-19.209,0.0
0.276,1,-19.08,-19.08,0.0
0.276,1,-19.072,-19.072,0.0
0.277,1,-18.9,-18.9,0.0
0.278,0,-19.14,-19.14,0.0
0.278,1,-18.841,-18.841,0.0
0.279,1,-19.068,-19.068,0.0
0.28,1,-19.271,-19.271,0.0
0.28,0,-19.21,-19.21,0.0
0.281,0,-19.116,-19.116,0.0
0.281,1,-19.166,-19.166,0.0
0.282,0,-19.195,-19.195,0.0
0.283,0,-19.055,-19.055,0.0
0.283,1,-19.146,-19.146,0.0
0.284,0,-19.237,-19.237,0.0
0.284,0,-19.27,-19.27,0.0
0.284,1,-19.121,-19.121,0.0
0.285,0,-18.702,-18.702,0.0
0.286,1,-19.118,-19.118,0.0
0.286,1,-19.154,-19.154,0.0
0.287,1,-19.192,-19.192,0.0
0.287,1,-19.267,-19.267,0.0
0.288,0,-19.3,-19.3,0.0
0.288,0,-18.964,-18.964,0.0
0.288,1,-19.135,-19.135,0.0
0.288,1,-19.096,-19.096,0.0
0.289,1,-19.1,-19.1,0.0
0.289,0,-18.906,-18.906,0.0
0.289,1,-19.107,-19.107,0.0
0.289,0,-19.174,-19.174,0.0
0.289,0,-19.148,-19.148,0.0
0.289,0,-18.877,-18.877,0.0
0.29,1,-19.118,-19.118,0.0
0.29,1,-19.128,-19.128,0.0
0.29,0,-19.075,-19.075,0.0
0.291,0,-19.383,-19.383,0.0
0.292,0,-19.112,-19.112,0.0
0.292,0,-19.108,-19.108,0.0
0.292,1,-19.124,-19.124,0.0
0.292,0,-19.452,-19.452,0.0
0.293,0,-19.239,-19.239,0.0
0.293,1,-19.182,-19.182,0.0
0.293,1,-19.135,-19.135,0.0
0.293,0,-19.054,-19.054,0.0
0.294,1,-19.029,-19.029,0.0
0.295,0,-19.135,-19.135,0.0
0.296,1,-18.882,-18.882,0.0
0.296,0,-18.904,-18.904,0.0
0.296,1,-18.914,-18.914,0.0
0.297,1,-19.252,-19.252,0.0
0.297,0,-19.161,-19.161,0.0
0.299,1,-18.653,-18.653,0.0
0.299,0,-19.27,-19.27,0.0
0.299,0,-19.007,-19.007,0.0
0.299,1,-18.919,-18.919,0.0
0.299,0,-18.909,-18.909,0.0
0.299,1,-19.197,-19.197,0.0
0.3,0,-18.953,-18.953,0.0
0.3,0,-19.058,-19.058,0.0
0.301,0,-18.769,-18.769,0.0
0.301,0,-19.087,-19.087,0.0
0.302,0,-18.838,-18.838,0.0
0.303,0,-19.065,-19.065,0.0
0.303,1,-19.138,-19.138,0.0
0.304,1,-19.041,-19.041,0.0
0.304,1,-18.885,-18.885,0.0
0.304,0,-19.247,-19.247,0.0
0.304,1,-19.261,-19.261,0.0
0.305,0,-18.93,-18.93,0.0
0.305,1,-19.07,-19.07,0.0
0.305,1,-19.382,-19.382,0.0
0.305,1,-19.07,-19.07,0.0
0.305,1,-18.972,-18.972,0.0
0.306,1,-19.034,-19.034,0.0
0.307,1,-19.088,-19.088,0.0
0.307,0,-18.826,-18.826,0.0
0.307,1,-19.03,-19.03,0.0
0.308,1,-18.795,-18.795,0.0
0.308,1,-19.044,-19.044,0.0
0.309,1,-19.006,-19.006,0.0
0.309,1,-18.958,-18.958,0.0
0.309,0,-19.03,-19.03,0.0
0.309,1,-18.989,-18.989,0.0
0.31,0,-19.287,-19.287,0.0
0.311,0,-19.394,-19.394,0.0
0.311,1,-19.018,-19.018,0.0
0.311,1,-18.971,-18.971,0.0
0.311,0,-19.008,-19.008,0.0
0.312,0,-18.986,-18.986,0.0
0.312,0,-19.075,-19.075,0.0
0.313,1,-19.073,-19.073,0.0
0.313,1,-18.995,-18.995,0.0
0.313,0,-19.406,-19.406,0.0
0.313,1,-19.012,-19.012,0.0
0.313,1,-19.026,-19.026,0.0
0.314,1,-19.016,-19.016,0.0
0.315,1,-18.918,-18.918,0.0
0.315,1,-19.028,-19.028,0.0
0.315,0,-19.164,-19.164,0.0
0.316,0,-18.85,-18.85,0.0
0.316,1,-19.12,-19.12,0.0
0.316,1,-18.858,-18.858,0.0
0.318,1,-18.993,-18.993,0.0
0.318,1,-18.992,-18.992,0.0
0.318,1,-19.05,-19.05,0.0
0.319,1,-18.738,-18.738,0.0
0.319,1,-18.935,-18.935,0.0
0.319,1,-19.182,-19.182,0.0
0.321,1,-18.858,-18.858,0.0
0.321,1,-19.136,-19.136,0.0
0.321,0,-18.899,-18.899,0.0
0.322,1,-19.37,-19.37,0.0
0.322,1,-19.236,-19.236,0.0
0.322,1,-19.221,-19.221,0.0
0.323,0,-19.171,-19.171,0.0
0.324,1,-19.045,-19.045,0.0
0.325,1,-18.895,-18.895,0.0
0.326,1,-18.86,-18.86,0.0
0.326,1,-18.96,-18.96,0.0
0.326,0,-19.076,-19.076,0.0
0.326,0,-19.077,-19.077,0.0
0.328,1,-19.14,-19.14,0.0
0.328,1,-18.835,-18.835,0.0
0.328,1,-18.792,-18.792,0.0
0.329,0,-19.209,-19.209,0.0
0.329,0,-19.073,-19.073,0.0
0.329,1,-19.044,-19.044,0.0
0.329,0,-19.217,-19.217,0.0
0.329,0,-19.09,-19.09,0.0
0.329,1,-18.738,-18.738,0.0
0.33,1,-18.911,-18.911,0.0
0.33,1,-19.048,-19.048,0.0
0.33,1,-19.309,-19.309,0.0
0.33,1,-18.926,-18.926,0.0
0.331,0,-18.99,-18.99,0.0
0.331,0,-18.989,-18.989,0.0
0.331,1,-19.001,-19.001,0.0
0.331,1,-19.164,-19.164,0.0
0.331,1,-19.151,-19.151,0.0
0.331,0,-19.134,-19.134,0.0
0.331,1,-18.93,-18.93,0.0
0.331,0,-19.062,-19.062,0.0
0.332,1,-19.152,-19.152,0.0
0.332,0,-19.193,-19.193,0.0
0.333,0,-18.844,-18.844,0.0
0.334,0,-19.175,-19.175,0.0
0.334,0,-19.141,-19.141,0.0
0.335,1,-19.064,-19.064,0.0
0.335,0,-19.163,-19.163,0.0
0.335,0,-19.165,-19.165,0.0
0.337,1,-19.163,-19.163,0.0
0.337,1,-19.037,-19.037,0.0
0.338,1,-19.195,-19.195,0.0
0.338,0,-19.058,-19.058,0.0
0.338,0,-19.053,-19.053,0.0
0.338,1,-19.065,-19.065,0.0
0.338,1,-19.099,-19.099,0.0
0.339,0,-19.16,-19.16,0.0
0.341,0,-19.053,-19.053,0.0
0.341,1,-19.17,-19.17,0.0
0.341,0,-19.165,-19.165,0.0
0.342,0,-19.021,-19.021,0.0
0.344,1,-18.944,-18.944,0.0
0.344,1,-18.961,-18.961,0.0
0.345,1,-19.021,-19.021,0.0
0.345,1,-19.055,-19.055,0.0
0.346,1,-18.931,-18.931,0.0
0.347,1,-18.852,-18.852,0.0
0.347,1,-19.153,-19.153,0.0
0.349,0,-18.909,-18.909,0.0
0.349,0,-19.033,-19.033,0.0
0.349,0,-19.001,-19.001,0.0
0.349,0,-19.144,-19.144,0.0
0.349,1,-19.081,-19.081,0.0
0.349,1,-19.28,-19.28,0.0
0.349,0,-18.91,-18.91,0.0
0.349,0,-19.133,-19.133,0.0
0.35,0,-18.799,-18.799,0.0
0.35,0,-19.103,-19.103,0.0
0.351,0,-19.058,-19.058,0.0
0.351,1,-19.042,-19.042,0.0
0.351,1,-18.819,-18.819,0.0
0.351,0,-18.964,-18.964,0.0
0.354,1,-18.947,-18.947,0.0
0.355,0,-18.858,-18.858,0.0
0.358,1,-18.982,-18.982,0.0
0.358,0,-18.987,-18.987,0.0
0.358,1,-19.101,-19.101,0.0
0.358,0,-19.196,-19.196,0.0
0.359,0,-19.195,-19.195,0.0
0.359,1,-18.905,-18.905,0.0
0.359,1,-18.929,-18.929,0.0
0.36,0,-19.168,-19.168,0.0
0.36,1,-19.277,-19.277,0.0
0.361,0,-18.927,-18.927,0.0
0.361,1,-19.247,-19.247,0.0
0.363,0,-19.126,-19.126,0.0
0.363,1,-19.01,-19.01,0.0
0.365,0,-18.923,-18.923,0.0
0.366,0,-19.257,-19.257,0.0
0.367,1,-19.163,-19.163,0.0
0.367,1,-19.19,-19.19,0.0
0.368,0,-19.141,-19.141,0.0
0.368,0,-18.934,-18.934,0.0
0.368,1,-18.859,-18.859,0.0
0.369,0,-18.945,-18.945,0.0
0.37,1,-18.965,-18.965,0.0
0.37,1,-19.197,-19.197,0.0
0.37,0,-19.039,-19.039,0.0
0.371,1,-19.044,-19.044,0.0
0.371,0,-19.037,-19.037,0.0
0.371,1,-18.781,-18.781,0.0
0.371,0,-19.148,-19.148,0.0
0.371,1,-19.351,-19.351,0.0
0.371,1,-19.013,-19.013,0.0
0.371,0,-19.091,-19.091,0.0
0.372,1,-19.042,-19.042,0.0
0.372,0,-18.997,-18.997,0.0
0.374,1,-19.127,-19.127,0.0
0.374,1,-18.972,-18.972,0.0
0.377,0,-19.043,-19.043,0.0
0.378,1,-19.107,-19.107,0.0
0.379,1,-19.042,-19.042,0.0
0.38,1,-19.182,-19.182,0.0
0.38,1,-19.063,-19.063,0.0
0.381,0,-19.021,-19.021,0.0
0.381,0,-19.033,-19.033,0.0
0.381,1,-19.031,-19.031,0.0
0.382,1,-18.81,-18.81,0.0
0.382,0,-18.928,-18.928,0.0
0.382,1,-19.121,-19.121,0.0
0.383,1,-19.128,-19.128,0.0
0.384,0,-18.984,-18.984,0.0
0.386,1,-18.993,-18.993,0.0
0.387,0,-19.14,-19.14,0.0
0.387,0,-18.966,-18.966,0.0
0.388,1,-18.895,-18.895,0.0
0.389,0,-19.149,-19.149,0.0
0.389,0,-18.991,-18.991,0.0
0.393,1,-19.079,-19.079,0.0
0.395,1,-19.101,-19.101,0.0
0.397,0,-19.321,-19.321,0.0
0.399,1,-18.882,-18.882,0.0
0.401,1,-19.108,-19.108,0.0
0.402,1,-19.13,-19.13,0.0
0.403,1,-19.066,-19.066,0.0
0.404,1,-19.002,-19.002,0.0
0.405,0,-18.949,-18.949,0.0
0.405,1,-19.287,-19.287,0.0
0.406,1,-18.848,-18.848,0.0
0.406,0,-18.943,-18.943,0.0
0.409,0,-18.948,-18.948,0.0
0.409,1,-18.909,-18.909,0.0
0.409,1,-18.944,-18.944,0.0
0.409,0,-18.973,-18.973,0.0
0.41,1,-18.971,-18.971,0.0
0.411,1,-18.999,-18.999,0.0
0.411,0,-18.828,-18.828,0.0
0.412,1,-18.85,-18.85,0.0
0.413,0,-18.88,-18.88,0.0
0.417,1,-18.961,-18.961,0.0
0.419,0,-19.085,-19.085,0.0
0.419,1,-19.02,-19.02,0.0
0.419,1,-19.246,-19.246,0.0
0.42,0,-18.841,-18.841,0.0
0.42,0,-18.91,-18.91,0.0
0.42,0,-19.27,-19.27,0.0
0.42,0,-18.878,-18.878,0.0
0.421,0,-19.097,-19.097,0.0
0.421,0,-18.987,-18.987,0.0
0.422,1,-19.187,-19.187,0.0
0.422,1,-19.075,-19.075,0.0
0.422,1,-19.044,-19.044,0.0
0.423,1,-19.134,-19.134,0.0
0.424,1,-18.889,-18.889,0.0
0.424,1,-19.005,-19.005,0.0
0.425,1,-18.987,-18.987,0.0
0.426,1,-19.037,-19.037,0.0
0.426,1,-18.991,-18.991,0.0
0.427,0,-18.935,-18.935,0.0
0.427,1,-18.914,-18.914,0.0
0.428,1,-18.478,-18.478,0.0
0.429,0,-18.874,-18.874,0.0
0.429,1,-19.114,-19.114,0.0
0.429,0,-18.933,-18.933,0.0
0.43,1,-18.841,-18.841,0.0
0.43,0,-18.93,-18.93,0.0
0.435,0,-19.008,-19.008,0.0
0.435,1,-19.21,-19.21,0.0
0.437,1,-18.796,-18.796,0.0
0.438,0,-19.18,-19.18,0.0
0.438,1,-18.924,-18.924,0.0
0.439,0,-19.344,-19.344,0.0
0.439,1,-19.144,-19.144,0.0
0.439,0,-18.988,-18.988,0.0
0.44,0,-18.678,-18.678,0.0
0.441,1,-19.185,-19.185,0.0
0.441,1,-19.143,-19.143,0.0
0.442,0,-18.978,-18.978,0.0
0.443,1,-18.928,-18.928,0.0
0.444,1,-19.044,-19.044,0.0
0.444,0,-19.031,-19.031,0.0
0.448,0,-19.003,-19.003,0.0
0.449,0,-18.979,-18.979,0.0
0.449,0,-18.877,-18.877,0.0
0.451,1,-19.229,-19.229,0.0
0.451,1,-18.947,-18.947,0.0
0.452,1,-19.289,-19.289,0.0
0.452,1,-18.886,-18.886,0.0
0.452,1,-19.162,-19.162,0.0
0.452,0,-18.885,-18.885,0.0
0.453,0,-19.092,-19.092,0.0
0.453,1,-19.002,-19.002,0.0
0.455,1,-19.106,-19.106,0.0
0.455,1,-19.011,-19.011,0.0
0.459,0,-18.947,-18.947,0.0
0.461,1,-18.922,-18.922,0.0
0.461,0,-18.91,-18.91,0.0
0.462,1,-18.946,-18.946,0.0
0.466,0,-18.611,-18.611,0.0
0.467,0,-18.906,-18.906,0.0
0.468,0,-18.99,-18.99,0.0
0.469,0,-19.202,-19.202,0.0
0.47,0,-18.758,-18.758,0.0
0.471,1,-18.961,-18.961,0.0
0.472,0,-18.999,-18.999,0.0
0.472,0,-18.944,-18.944,0.0
0.476,0,-19.061,-19.061,0.0
0.478,0,-18.783,-18.783,0.0
0.479,0,-19.148,-19.148,0.0
0.479,0,-19.007,-19.007,0.0
0.48,1,-19.124,-19.124,0.0
0.481,1,-19.019,-19.019,0.0
0.481,1,-19.049,-19.049,0.0
0.482,0,-18.723,-18.723,0.0
0.489,0,-18.979,-18.979,0.0
0.492,0,-18.802,-18.802,0.0
0.495,1,-19.01,-19.01,0.0
0.496,1,-18.95,-18.95,0.0
0.496,1,-19.014,-19.014,0.0
0.497,0,-18.976,-18.976,0.0
0.501,0,-18.862,-18.862,0.0
0.501,1,-19.004,-19.004,0.0
0.503,0,-18.968,-18.968,0.0
0.503,0,-19.058,-19.058,0.0
0.503,0,-18.981,-18.981,0.0
0.503,0,-18.986,-18.986,0.0
0.506,1,-19.064,-19.064,0.0
0.506,0,-19.04,-19.04,0.0
0.507,0,-18.913,-18.913,0.0
0.507,1,-18.908,-18.908,0.0
0.508,0,-19.134,-19.134,0.0
0.51,0,-19.068,-19.068,0.0
0.511,0,-19.108,-19.108,0.0
0.512,0,-18.781,-18.781,0.0
0.514,0,-18.923,-18.923,0.0
0.514,0,-18.956,-18.956,0.0
0.515,0,-18.857,-18.857,0.0
0.517,1,-19.102,-19.102,0.0
0.519,0,-19.007,-19.007,0.0
0.519,0,-19.019,-19.019,0.0
0.519,0,-18.961,-18.961,0.0
0.52,0,-18.915,-18.915,0.0
0.523,0,-18.87,-18.87,0.0
0.524,0,-19.048,-19.048,0.0
0.526,0,-19.065,-19.065,0.0
0.529,0,-19.16,-19.16,0.0
0.529,0,-18.958,-18.958,0.0
0.531,0,-19.376,-19.376,0.0
0.531,0,-18.746,-18.746,0.0
0.531,1,-18.732,-18.732,0.0
0.532,1,-19.279,-19.279,0.0
0.533,0,-19.016,-19.016,0.0
0.534,1,-19.103,-19.103,0.0
0.534,1,-19.127,-19.127,0.0
0.535,0,-18.955,-18.955,0.0
0.536,0,-19.063,-19.063,0.0
0.539,0,-18.959,-18.959,0.0
0.541,1,-19.02,-19.02,0.0
0.542,0,-18.772,-18.772,0.0
0.545,1,-18.756,-18.756,0.0
0.548,0,-19.308,-19.308,0.0
0.549,1,-19.164,-19.164,0.0
0.55,1,-19.014,-19.014,0.0
0.55,0,-18.967,-18.967,0.0
0.55,1,-18.93,-18.93,0.0
0.553,1,-19.156,-19.156,0.0
0.554,1,-18.864,-18.864,0.0
0.554,0,-19.272,-19.272,0.0
0.558,1,-18.933,-18.933,0.0
0.559,0,-18.643,-18.643,0.0
0.559,0,-19.078,-19.078,0.0
0.562,0,-19.094,-19.094,0.0
0.563,1,-18.79,-18.79,0.0
0.563,0,-18.963,-18.963,0.0
0.564,0,-19.006,-19.006,0.0
0.564,1,-18.911,-18.911,0.0
0.564,0,-19.002,-19.002,0.0
0.565,1,-18.913,-18.913,0.0
0.569,0,-19.176,-19.176,0.0
0.575,1,-19.253,-19.253,0.0
0.576,1,-18.854,-18.854,0.0
0.576,0,-18.959,-18.959,0.0
0.577,1,-19.023,-19.023,0.0
0.577,1,-18.807,-18.807,0.0
0.578,0,-19.039,-19.039,0.0
0.578,1,-19.005,-19.005,0.0
0.579,0,-19.031,-19.031,0.0
0.579,0,-18.927,-18.927,0.0
0.58,0,-19.069,-19.069,0.0
0.581,0,-18.893,-18.893,0.0
0.581,0,-18.76,-18.76,0.0
0.583,1,-18.934,-18.934,0.0
0.583,1,-18.679,-18.679,0.0
0.584,0,-19.002,-19.002,0.0
0.584,1,-18.829,-18.829,0.0
0.584,0,-19.059,-19.059,0.0
0.586,0,-18.779,-18.779,0.0
0.587,1,-18.868,-18.868,0.0
0.589,0,-18.996,-18.996,0.0
0.59,1,-18.989,-18.989,0.0
0.592,0,-19.059,-19.059,0.0
0.601,1,-18.934,-18.934,0.0
0.602,1,-18.792,-18.792,0.0
0.603,1,-18.805,-18.805,0.0
0.606,0,-18.951,-18.951,0.0
0.608,0,-18.984,-18.984,0.0
0.609,0,-19.148,-19.148,0.0
0.609,0,-18.959,-18.959,0.0
0.61,0,-18.893,-18.893,0.0
0.611,1,-18.916,-18.916,0.0
0.611,1,-18.681,-18.681,0.0
0.612,0,-18.887,-18.887,0.0
0.616,0,-18.895,-18.895,0.0
0.619,1,-18.899,-18.899,0.0
0.619,0,-18.923,-18.923,0.0
0.62,0,-18.863,-18.863,0.0
0.621,0,-18.924,-18.924,0.0
0.622,0,-19.037,-19.037,0.0
0.625,0,-18.982,-18.982,0.0
0.627,0,-19.062,-19.062,0.0
0.631,1,-18.997,-18.997,0.0
0.632,1,-19.353,-19.353,0.0
0.632,0,-18.816,-18.816,0.0
0.634,0,-19.075,-19.075,0.0
0.638,0,-19.156,-19.156,0.0
0.638,0,-18.823,-18.823,0.0
0.638,0,-19.029,-19.029,0.0
0.639,0,-18.909,-18.909,0.0
0.639,0,-18.902,-18.902,0.0
0.642,0,-18.854,-18.854,0.0
0.643,0,-19.345,-19.345,0.0
0.644,0,-18.909,-18.909,0.0
0.644,0,-18.905,-18.905,0.0
0.648,0,-18.904,-18.904,0.0
0.649,0,-18.686,-18.686,0.0
0.649,0,-18.993,-18.993,0.0
0.65,0,-18.949,-18.949,0.0
0.662,1,-18.795,-18.795,0.0
0.665,0,-18.914,-18.914,0.0
0.671,1,-18.737,-18.737,0.0
0.678,0,-18.605,-18.605,0.0
0.682,0,-19.007,-19.007,0.0
0.684,1,-18.679,-18.679,0.0
0.685,0,-18.839,-18.839,0.0
0.689,0,-19.054,-19.054,0.0
0.689,1,-19.016,-19.016,0.0
0.689,0,-18.825,-18.825,0.0
0.691,0,-18.96,-18.96,0.0
0.693,1,-18.967,-18.967,0.0
0.697,1,-18.927,-18.927,0.0
0.698,0,-18.933,-18.933,0.0
0.699,0,-18.963,-18.963,0.0
0.699,1,-18.834,-18.834,0.0
0.699,0,-18.793,-18.793,0.0
0.7,1,-18.791,-18.791,0.0
0.701,1,-18.991,-18.991,0.0
0.701,0,-18.813,-18.813,0.0
0.702,0,-19.016,-19.016,0.0
0.702,0,-18.869,-18.869,0.0
0.716,1,-18.964,-18.964,0.0
0.719,1,-19.095,-19.095,0.0
0.72,0,-18.808,-18.808,0.0
0.72,0,-19.002,-19.002,0.0
0.72,1,-18.812,-18.812,0.0
0.721,0,-18.929,-18.929,0.0
0.727,0,-18.914,-18.914,0.0
0.728,1,-18.99,-18.99,0.0
0.729,0,-18.996,-18.996,0.0
0.73,0,-19.087,-19.087,0.0
0.732,0,-18.831,-18.831,0.0
0.734,1,-19.033,-19.033,0.0
0.734,0,-18.798,-18.798,0.0
0.735,1,-18.768,-18.768,0.0
0.736,1,-18.843,-18.843,0.0
0.736,0,-18.857,-18.857,0.0
0.737,0,-19.035,-19.035,0.0
0.742,1,-18.563,-18.563,0.0
0.743,0,-18.964,-18.964,0.0
0.746,1,-18.888,-18.888,0.0
0.746,0,-19.075,-19.075,0.0
0.749,1,-19.127,-19.127,0.0
0.749,0,-18.89,-18.89,0.0
0.751,0,-19.171,-19.171,0.0
0.759,0,-18.851,-18.851,0.0
0.761,1,-19.037,-19.037,0.0
0.761,1,-18.928,-18.928,0.0
0.762,0,-18.975,-18.975,0.0
0.766,1,-18.882,-18.882,0.0
0.767,0,-18.699,-18.699,0.0
0.767,1,-18.76,-18.76,0.0
0.767,1,-18.564,-18.564,0.0
0.769,1,-18.835,-18.835,0.0
0.769,0,-18.913,-18.913,0.0
0.773,0,-18.785,-18.785,0.0
0.779,0,-19.121,-19.121,0.0
0.788,0,-18.883,-18.883,0.0
0.789,1,-18.806,-18.806,0.0
0.789,0,-18.991,-18.991,0.0
0.797,0,-19.31,-19.31,0.0
0.799,1,-18.785,-18.785,0.0
0.84,0,-18.978,-18.978,0.0
0.84,0,-19.137,-19.137,0.0
0.855,1,-18.764,-18.764,0.0
0.936,1,-19.064,-19.064,0.0
0.974,0,-18.582,-18.582,0.0
1.012,0,-18.667,-18.667,0.0
1.02,0,-18.527,-18.527,0.0
1.021,0,-18.834,-18.834,0.0
1.028,0,-18.285,-18.285,0.0
1.048,0,-18.445,-18.445,0.0
1.121,0,-18.589,-18.589,0.0
1.232,0,-18.937,-18.937,0.0
1.236,1,-18.36,-18.36,0.0
1.299,0,-18.521,-18.521,0.0
1.304,1,-18.674,-18.674,0.0
1.306,0,-18.378,-18.378,0.0
1.313,0,-18.624,-18.624,0.0
1.329,0,-18.566,-18.566,0.0
1.341,0,-18.708,-18.708,0.0
1.351,0,-18.931,-18.931,0.0
1.356,0,-18.679,-18.679,0.0
1.391,1,-18.756,-18.756,0.0
1.416,0,-19.136,-19.136,0.0
1.543,0,-18.711,-18.711,0.0
1.549,0,-18.518,-18.518,0.0
1.615,0,-18.753,-18.753,0.0
1.697,0,-18.746,-18.746,0.0
1.801,0,-18.691,-18.691,0.0
1.912,0,-18.899,-18.899,0.0
2.261,0,-18.549,-18.549,0.0
