z,sb_observed,sb_error,sb_lcdm_pred,sb_tep_pred,residual_lcdm,residual_tep
0.76,2.2191,0.2133,0.1042,0.0,2.1149,2.2191
0.76,1.4278,0.1049,0.1042,0.0,1.3236,1.4278
0.9,2.472,0.2697,0.0767,0.0,2.3953,2.472
0.9,1.4984,0.125,0.0767,0.0,1.4217,1.4984
0.92,2.5087,0.2782,0.0736,0.0,2.4351,2.5087
0.92,1.5083,0.1279,0.0736,0.0,1.4347,1.5083
0.18,1.1322,0.0375,0.5158,0.0,0.6164,1.1322
0.18,1.0596,0.0316,0.5158,0.0,0.5438,1.0596
0.21,1.1759,0.0493,0.4665,0.0,0.7094,1.1759
0.21,1.0896,0.0415,0.4665,0.0,0.6231,1.0896
0.18,1.1228,0.0353,0.5158,0.0,0.607,1.1228
0.18,1.0509,0.0296,0.5158,0.0,0.5351,1.0509
0.18,1.1416,0.0397,0.5158,0.0,0.6258,1.1416
0.18,1.0684,0.0336,0.5158,0.0,0.5526,1.0684
0.23,1.2048,0.0574,0.4369,0.0,0.7679,1.2048
0.23,1.1091,0.0482,0.4369,0.0,0.6722,1.1091
0.37,1.3917,0.1095,0.2839,0.0,1.1078,1.3917
0.37,1.2271,0.0888,0.2839,0.0,0.9432,1.2271
0.41,1.4593,0.1304,0.253,0.0,1.2063,1.4593
0.41,1.2719,0.1049,0.253,0.0,1.0189,1.2719
0.55,1.7295,0.2122,0.1732,0.0,1.5563,1.7295
0.55,1.4514,0.1654,0.1732,0.0,1.2782,1.4514
0.41,1.4846,0.1377,0.253,0.0,1.2316,1.4846
0.41,1.2939,0.1111,0.253,0.0,1.0409,1.2939
0.33,1.33,0.091,0.3196,0.0,1.0104,1.33
0.33,1.1866,0.0744,0.3196,0.0,0.867,1.1866
0.46,1.5748,0.1728,0.2201,0.0,1.3547,1.5748
0.46,1.3536,0.1383,0.2201,0.0,1.1335,1.3536
0.34,1.3598,0.0995,0.3102,0.0,1.0496,1.3598
0.34,1.2095,0.0814,0.3102,0.0,0.8993,1.2095
0.54,1.753,0.2271,0.1778,0.0,1.5752,1.753
0.54,1.4749,0.1783,0.1778,0.0,1.2971,1.4749
0.004,1.0006,0.0006,0.9842,0.0023,0.0164,0.9983
0.004,0.9998,0.0005,0.9842,0.0023,0.0156,0.9975
0.023,1.0046,0.0041,0.9131,0.0,0.0915,1.0046
0.023,1.0,0.0034,0.9131,0.0,0.0869,1.0
0.005,1.0005,0.0007,0.9802,0.0005,0.0203,1.0
0.005,0.9995,0.0005,0.9802,0.0005,0.0193,0.999
0.58,1.8543,0.1696,0.1605,0.0,1.6938,1.8543
0.58,1.5443,0.1272,0.1605,0.0,1.3838,1.5443
0.83,2.4019,0.3193,0.0892,0.0,2.3127,2.4019
0.83,1.8861,0.228,0.0892,0.0,1.7969,1.8861
1.11,3.1815,0.5939,0.0505,0.0,3.131,3.1815
1.11,2.3601,0.4053,0.0505,0.0,2.3096,2.3601
1.27,3.8676,0.8878,0.0377,0.0,3.8299,3.8676
1.27,2.7863,0.5939,0.0377,0.0,2.7486,2.7863
0.02,1.002,0.004,0.9238,0.0,0.0782,1.002
0.02,0.998,0.003,0.9238,0.0,0.0742,0.998
