z,D_A_Mpc,D_A_err_Mpc,D_L_TEP_Mpc,D_L_err_Mpc,eta,eta_err,deviation_from_unity_sigma,source
0.295,960.0,120.0,1348.0,67.4,0.8373,0.1127,-1.44,"B1608+656, H0LiCOW"
0.654,1620.0,180.0,3165.0,158.2,0.7141,0.087,-3.29,"RXJ1131-1231, H0LiCOW"
0.881,1780.0,200.0,4387.4,219.4,0.6966,0.0857,-3.54,"HE0435-1223, H0LiCOW"
0.745,1680.0,150.0,3649.1,182.5,0.7133,0.073,-3.93,"WFI2033-4723, H0LiCOW"
0.63,1560.0,140.0,3038.7,151.9,0.7332,0.0753,-3.54,"PG1115+080, H0LiCOW"
0.142,545.0,55.0,629.1,31.5,0.8851,0.0997,-1.15,"A1835, SZ"
0.252,750.0,75.0,1142.1,57.1,0.9715,0.1086,-0.26,"A2261, SZ"
0.451,1050.0,110.0,2117.6,105.9,0.9579,0.1112,-0.38,"A2204, SZ"
0.546,1180.0,120.0,2601.8,130.1,0.9225,0.1045,-0.74,"A1689, SZ"
