z,D_lcdm,D_tep,f_lcdm,f_tep
0.0,0.838,1.4776,0.55,0.55
0.103,0.7944,1.339,-0.5756,-0.9998
0.207,0.7528,1.2243,-0.6296,-0.9997
0.31,0.7136,1.1277,-0.6774,-0.9996
0.414,0.6768,1.0452,-0.7193,-0.9995
0.517,0.6425,0.974,-0.7557,-0.9994
0.621,0.6107,0.9118,-0.7871,-0.9994
0.724,0.5812,0.8572,-0.814,-0.9994
0.828,0.5539,0.8087,-0.8371,-0.9993
0.931,0.5287,0.7654,-0.8568,-0.9993
1.034,0.5054,0.7265,-0.8738,-0.9993
1.138,0.4838,0.6914,-0.8883,-0.9993
1.241,0.4638,0.6595,-0.9007,-0.9992
1.345,0.4452,0.6304,-0.9115,-0.9992
1.448,0.428,0.6038,-0.9208,-0.9992
1.552,0.4119,0.5793,-0.9288,-0.9992
1.655,0.3969,0.5568,-0.9358,-0.9992
1.759,0.3829,0.5359,-0.9419,-0.9992
1.862,0.3699,0.5166,-0.9473,-0.9992
1.966,0.3576,0.4986,-0.952,-0.9991
2.069,0.3461,0.4818,-0.9561,-0.9991
2.172,0.3353,0.4661,-0.9597,-0.9991
2.276,0.3251,0.4514,-0.963,-0.9991
2.379,0.3155,0.4376,-0.9658,-0.9991
2.483,0.3064,0.4246,-0.9684,-0.9991
2.586,0.2978,0.4123,-0.9707,-0.9991
2.69,0.2897,0.4008,-0.9727,-0.9991
2.793,0.282,0.3899,-0.9746,-0.9991
2.897,0.2747,0.3795,-0.9762,-0.9991
3.0,0.2678,0.3697,-0.9777,-0.9991
