z,time_dilation_TEP,time_dilation_LCDM,relative_difference_percent
0.01,0.7192,1.01,-28.791
0.03,0.7478,1.0301,-27.404
0.05,0.7763,1.0502,-26.076
0.07,0.8048,1.0703,-24.805
0.09,0.8332,1.0904,-23.588
0.111,0.8615,1.1105,-22.422
0.131,0.8897,1.1306,-21.306
0.151,0.9178,1.1507,-20.237
0.171,0.9459,1.1708,-19.213
0.191,0.9738,1.1909,-18.232
0.211,1.0016,1.211,-17.292
0.231,1.0293,1.2311,-16.392
0.251,1.0569,1.2512,-15.529
0.271,1.0844,1.2713,-14.703
0.291,1.1118,1.2914,-13.912
0.312,1.139,1.3115,-13.153
0.332,1.1661,1.3316,-12.427
0.352,1.1931,1.3517,-11.731
0.372,1.22,1.3718,-11.064
0.392,1.2468,1.3919,-10.426
0.412,1.2734,1.412,-9.814
0.432,1.3,1.4321,-9.228
0.452,1.3264,1.4522,-8.667
0.472,1.3526,1.4723,-8.13
0.492,1.3788,1.4924,-7.615
0.513,1.4048,1.5125,-7.123
0.533,1.4307,1.5326,-6.651
0.553,1.4565,1.5527,-6.199
0.573,1.4821,1.5728,-5.767
0.593,1.5076,1.5929,-5.354
0.613,1.5331,1.613,-4.958
0.633,1.5583,1.6331,-4.58
0.653,1.5835,1.6532,-4.218
0.673,1.6086,1.6733,-3.871
0.693,1.6335,1.6934,-3.54
0.714,1.6583,1.7135,-3.224
0.734,1.683,1.7336,-2.921
0.754,1.7076,1.7537,-2.632
0.774,1.732,1.7738,-2.356
0.794,1.7564,1.7939,-2.092
0.814,1.7807,1.814,-1.84
0.834,1.8048,1.8341,-1.6
0.854,1.8288,1.8542,-1.371
0.874,1.8527,1.8743,-1.152
0.894,1.8766,1.8944,-0.944
0.915,1.9003,1.9145,-0.745
0.935,1.9239,1.9346,-0.555
0.955,1.9474,1.9547,-0.375
0.975,1.9708,1.9748,-0.203
0.995,1.9942,1.9949,-0.04
1.015,2.0174,2.0151,0.116
1.035,2.0405,2.0352,0.263
1.055,2.0636,2.0553,0.404
1.075,2.0865,2.0754,0.537
1.095,2.1094,2.0955,0.664
1.116,2.1321,2.1156,0.784
1.136,2.1548,2.1357,0.897
1.156,2.1774,2.1558,1.005
1.176,2.1999,2.1759,1.107
1.196,2.2224,2.196,1.203
1.216,2.2447,2.2161,1.294
1.236,2.267,2.2362,1.38
1.256,2.2892,2.2563,1.461
1.276,2.3114,2.2764,1.537
1.296,2.3334,2.2965,1.609
1.317,2.3554,2.3166,1.677
1.337,2.3773,2.3367,1.74
1.357,2.3992,2.3568,1.799
1.377,2.4209,2.3769,1.854
1.397,2.4427,2.397,1.906
1.417,2.4643,2.4171,1.954
1.437,2.4859,2.4372,1.999
1.457,2.5074,2.4573,2.041
1.477,2.5289,2.4774,2.079
1.497,2.5503,2.4975,2.115
1.518,2.5716,2.5176,2.148
1.538,2.5929,2.5377,2.178
1.558,2.6142,2.5578,2.205
1.578,2.6354,2.5779,2.23
1.598,2.6565,2.598,2.253
1.618,2.6776,2.6181,2.273
1.638,2.6986,2.6382,2.291
1.658,2.7196,2.6583,2.307
1.678,2.7405,2.6784,2.321
1.698,2.7614,2.6985,2.333
1.719,2.7823,2.7186,2.343
1.739,2.8031,2.7387,2.351
1.759,2.8238,2.7588,2.358
1.779,2.8446,2.7789,2.364
1.799,2.8652,2.799,2.367
1.819,2.8859,2.8191,2.37
1.839,2.9065,2.8392,2.37
1.859,2.9271,2.8593,2.37
1.879,2.9476,2.8794,2.368
1.899,2.9681,2.8995,2.366
1.92,2.9885,2.9196,2.362
1.94,3.009,2.9397,2.357
1.96,3.0294,2.9598,2.351
1.98,3.0497,2.9799,2.344
2.0,3.0701,3.0,2.336
