z,z_dot_TEP_yr_inv,z_dot_LCDM_yr_inv,difference_percent
0.0,0.0,0.0,
0.03,1e-12,1e-12,0.0
0.061,2e-12,2e-12,0.0
0.091,3e-12,3e-12,0.0
0.121,4e-12,4e-12,0.0
0.152,5e-12,5e-12,0.0
0.182,6e-12,6e-12,0.0
0.212,7e-12,7e-12,0.0
0.242,8e-12,8e-12,0.0
0.273,9e-12,9e-12,0.0
0.303,1e-11,1e-11,0.0
0.333,1e-11,1e-11,0.0
0.364,1.1e-11,1.1e-11,0.0
0.394,1.2e-11,1.2e-11,0.0
0.424,1.2e-11,1.2e-11,0.0
0.455,1.3e-11,1.3e-11,0.0
0.485,1.3e-11,1.3e-11,0.0
0.515,1.4e-11,1.4e-11,0.0
0.545,1.4e-11,1.4e-11,0.0
0.576,1.5e-11,1.5e-11,0.0
0.606,1.5e-11,1.5e-11,0.0
0.636,1.6e-11,1.6e-11,0.0
0.667,1.6e-11,1.6e-11,0.0
0.697,1.6e-11,1.6e-11,0.0
0.727,1.6e-11,1.6e-11,0.0
0.758,1.7e-11,1.7e-11,0.0
0.788,1.7e-11,1.7e-11,0.0
0.818,1.7e-11,1.7e-11,0.0
0.848,1.7e-11,1.7e-11,0.0
0.879,1.7e-11,1.7e-11,0.0
0.909,1.7e-11,1.7e-11,0.0
0.939,1.7e-11,1.7e-11,0.0
0.97,1.7e-11,1.7e-11,0.0
1.0,1.7e-11,1.7e-11,0.0
1.03,1.7e-11,1.7e-11,0.0
1.061,1.7e-11,1.7e-11,0.0
1.091,1.7e-11,1.7e-11,0.0
1.121,1.7e-11,1.7e-11,0.0
1.152,1.7e-11,1.7e-11,0.0
1.182,1.6e-11,1.6e-11,0.0
1.212,1.6e-11,1.6e-11,0.0
1.242,1.6e-11,1.6e-11,0.0
1.273,1.6e-11,1.6e-11,0.0
1.303,1.5e-11,1.5e-11,0.0
1.333,1.5e-11,1.5e-11,0.0
1.364,1.5e-11,1.5e-11,0.0
1.394,1.4e-11,1.4e-11,0.0
1.424,1.4e-11,1.4e-11,0.0
1.455,1.3e-11,1.3e-11,0.0
1.485,1.3e-11,1.3e-11,0.0
1.515,1.3e-11,1.3e-11,0.0
1.545,1.2e-11,1.2e-11,0.0
1.576,1.2e-11,1.2e-11,0.0
1.606,1.1e-11,1.1e-11,0.0
1.636,1.1e-11,1.1e-11,0.0
1.667,1e-11,1e-11,0.0
1.697,9e-12,9e-12,0.0
1.727,9e-12,9e-12,0.0
1.758,8e-12,8e-12,0.0
1.788,7e-12,7e-12,0.0
1.818,7e-12,7e-12,0.0
1.848,6e-12,6e-12,0.0
1.879,5e-12,5e-12,0.0
1.909,5e-12,5e-12,0.0
1.939,4e-12,4e-12,0.0
1.97,3e-12,3e-12,0.0
2.0,2e-12,2e-12,0.0
2.03,2e-12,2e-12,0.0
2.061,1e-12,1e-12,0.0
2.091,-0.0,-0.0,0.0
2.121,-1e-12,-1e-12,0.0
2.152,-2e-12,-2e-12,0.0
2.182,-3e-12,-3e-12,0.0
2.212,-4e-12,-4e-12,0.0
2.242,-5e-12,-5e-12,0.0
2.273,-5e-12,-5e-12,0.0
2.303,-6e-12,-6e-12,0.0
2.333,-7e-12,-7e-12,0.0
2.364,-8e-12,-8e-12,0.0
2.394,-9e-12,-9e-12,0.0
2.424,-1e-11,-1e-11,0.0
2.455,-1.1e-11,-1.1e-11,0.0
2.485,-1.3e-11,-1.3e-11,0.0
2.515,-1.4e-11,-1.4e-11,0.0
2.545,-1.5e-11,-1.5e-11,0.0
2.576,-1.6e-11,-1.6e-11,0.0
2.606,-1.7e-11,-1.7e-11,0.0
2.636,-1.8e-11,-1.8e-11,0.0
2.667,-1.9e-11,-1.9e-11,0.0
2.697,-2e-11,-2e-11,0.0
2.727,-2.2e-11,-2.2e-11,0.0
2.758,-2.3e-11,-2.3e-11,0.0
2.788,-2.4e-11,-2.4e-11,0.0
2.818,-2.5e-11,-2.5e-11,0.0
2.848,-2.7e-11,-2.7e-11,0.0
2.879,-2.8e-11,-2.8e-11,0.0
2.909,-2.9e-11,-2.9e-11,0.0
2.939,-3e-11,-3e-11,0.0
2.97,-3.2e-11,-3.2e-11,0.0
3.0,-3.3e-11,-3.3e-11,0.0
