z,host_mass,R_TEP,R_LCDM,epsilon_eff
0.001,1,-17.995,-18.844,0.468212
0.001,1,-17.938,-18.787,0.468212
0.003,0,-17.975,-18.731,0.425647
0.003,0,-17.953,-18.709,0.425647
0.003,0,-18.26,-19.015,0.425647
0.003,0,-18.368,-19.123,0.425647
0.003,1,-18.704,-19.552,0.468212
0.003,1,-18.612,-19.459,0.468212
0.003,1,-18.763,-19.611,0.468212
0.003,1,-18.654,-19.501,0.468212
0.003,1,-17.677,-18.524,0.468212
0.003,1,-17.487,-18.334,0.468212
0.003,1,-17.783,-18.63,0.468212
0.004,0,-17.737,-18.492,0.425647
0.004,0,-18.581,-19.335,0.425647
0.004,1,-18.222,-19.068,0.468212
0.004,0,-18.329,-19.084,0.425647
0.004,0,-18.338,-19.092,0.425647
0.004,0,-18.276,-19.03,0.425647
0.005,0,-18.066,-18.82,0.425647
0.005,0,-17.964,-18.718,0.425647
0.005,1,-18.736,-19.582,0.468212
0.005,1,-18.855,-19.701,0.468212
0.005,1,-18.336,-19.181,0.468212
0.005,1,-18.765,-19.61,0.468212
0.005,1,-18.648,-19.494,0.468212
0.005,1,-18.225,-19.07,0.468212
0.005,1,-18.563,-19.409,0.468212
0.005,1,-18.472,-19.317,0.468212
0.005,1,-18.572,-19.417,0.468212
0.005,0,-18.627,-19.38,0.425647
0.006,1,-18.438,-19.282,0.468212
0.006,1,-18.451,-19.295,0.468212
0.006,1,-18.673,-19.518,0.468212
0.006,1,-18.724,-19.568,0.468212
0.006,0,-18.765,-19.517,0.425647
0.006,1,-18.235,-19.079,0.468212
0.006,0,-18.055,-18.808,0.425647
0.006,1,-18.528,-19.372,0.468212
0.006,1,-18.402,-19.246,0.468212
0.006,1,-18.558,-19.402,0.468212
0.006,1,-19.611,-20.455,0.468212
0.006,1,-19.333,-20.177,0.468212
0.006,1,-18.484,-19.327,0.468212
0.006,1,-18.548,-19.392,0.468212
0.006,1,-18.45,-19.294,0.468212
0.006,1,-18.517,-19.36,0.468212
0.006,0,-18.584,-19.336,0.425647
0.006,0,-18.575,-19.327,0.425647
0.006,0,-18.639,-19.391,0.425647
0.006,0,-17.83,-18.582,0.425647
0.006,1,-18.181,-19.025,0.468212
0.006,1,-18.168,-19.012,0.468212
0.006,1,-18.195,-19.039,0.468212
0.007,0,-19.045,-19.797,0.425647
0.007,0,-19.566,-20.317,0.425647
0.007,1,-18.353,-19.196,0.468212
0.007,0,-18.84,-19.592,0.425647
0.007,1,-18.53,-19.373,0.468212
0.007,1,-18.552,-19.395,0.468212
0.007,1,-18.52,-19.363,0.468212
0.007,1,-18.332,-19.175,0.468212
0.007,0,-18.601,-19.352,0.425647
0.007,0,-18.588,-19.339,0.425647
0.007,0,-18.598,-19.35,0.425647
0.007,0,-18.506,-19.257,0.425647
0.007,0,-18.484,-19.235,0.425647
0.007,0,-18.237,-18.988,0.425647
0.007,0,-18.289,-19.04,0.425647
0.007,0,-18.263,-19.014,0.425647
0.007,1,-18.617,-19.46,0.468212
0.007,1,-18.649,-19.491,0.468212
0.008,0,-18.526,-19.276,0.425647
0.008,1,-18.411,-19.252,0.468212
0.008,1,-18.512,-19.354,0.468212
0.008,1,-18.418,-19.26,0.468212
0.008,0,-18.85,-19.6,0.425647
0.008,0,-18.478,-19.228,0.425647
0.008,0,-18.551,-19.301,0.425647
0.008,0,-18.781,-19.531,0.425647
0.008,1,-18.654,-19.496,0.468212
0.008,0,-18.024,-18.774,0.425647
0.008,0,-18.761,-19.511,0.425647
0.008,0,-18.59,-19.34,0.425647
0.009,1,-18.542,-19.383,0.468212
0.009,1,-18.383,-19.224,0.468212
0.009,1,-18.487,-19.328,0.468212
0.009,0,-18.619,-19.369,0.425647
0.009,1,-18.881,-19.722,0.468212
0.009,1,-18.861,-19.702,0.468212
0.009,1,-18.92,-19.761,0.468212
0.009,0,-18.929,-19.679,0.425647
0.009,0,-18.535,-19.285,0.425647
0.009,0,-18.654,-19.403,0.425647
0.009,0,-18.703,-19.452,0.425647
0.009,0,-18.607,-19.356,0.425647
0.009,0,-18.601,-19.35,0.425647
0.009,0,-18.582,-19.331,0.425647
0.009,0,-19.187,-19.935,0.425647
0.01,1,-18.435,-19.274,0.468212
0.01,1,-18.261,-19.101,0.468212
0.01,1,-18.244,-19.083,0.468212
0.01,1,-18.228,-19.067,0.468212
0.01,1,-18.58,-19.42,0.468212
0.01,1,-18.616,-19.456,0.468212
0.01,0,-18.79,-19.539,0.425647
0.01,0,-18.677,-19.425,0.425647
0.01,0,-18.178,-18.926,0.425647
0.01,1,-18.923,-19.762,0.468212
0.01,1,-18.823,-19.662,0.468212
0.01,1,-18.667,-19.507,0.468212
0.01,1,-18.833,-19.672,0.468212
0.01,0,-18.787,-19.535,0.425647
0.01,0,-18.738,-19.486,0.425647
0.01,1,-18.296,-19.135,0.468212
0.01,1,-18.408,-19.247,0.468212
0.01,1,-18.359,-19.198,0.468212
0.01,0,-18.635,-19.383,0.425647
0.01,0,-18.676,-19.424,0.425647
0.011,1,-18.327,-19.165,0.468212
0.011,1,-18.414,-19.253,0.468212
0.011,0,-18.715,-19.462,0.425647
0.011,1,-18.676,-19.514,0.468212
0.011,0,-18.654,-19.402,0.425647
0.011,0,-18.299,-19.046,0.425647
0.011,1,-18.08,-18.918,0.468212
0.011,1,-18.177,-19.015,0.468212
0.011,0,-18.086,-18.833,0.425647
0.011,0,-18.487,-19.234,0.425647
0.011,0,-18.426,-19.173,0.425647
0.012,0,-18.401,-19.147,0.425647
0.012,0,-18.561,-19.307,0.425647
0.012,0,-18.213,-18.959,0.425647
0.012,0,-18.402,-19.148,0.425647
0.012,1,-18.296,-19.133,0.468212
0.012,1,-18.231,-19.067,0.468212
0.013,1,-18.373,-19.209,0.468212
0.013,1,-18.356,-19.192,0.468212
0.013,0,-18.586,-19.331,0.425647
0.013,0,-18.655,-19.401,0.425647
0.013,1,-18.368,-19.204,0.468212
0.013,0,-18.578,-19.323,0.425647
0.013,0,-18.712,-19.457,0.425647
0.013,1,-18.422,-19.258,0.468212
0.013,1,-18.397,-19.233,0.468212
0.013,1,-18.584,-19.42,0.468212
0.013,1,-18.592,-19.428,0.468212
0.013,1,-18.653,-19.488,0.468212
0.013,1,-18.701,-19.537,0.468212
0.013,1,-18.226,-19.062,0.468212
0.013,1,-18.21,-19.045,0.468212
0.013,1,-18.27,-19.105,0.468212
0.014,1,-18.479,-19.313,0.468212
0.014,1,-18.507,-19.342,0.468212
0.014,1,-18.504,-19.338,0.468212
0.014,0,-18.603,-19.347,0.425647
0.014,0,-18.71,-19.454,0.425647
0.014,1,-18.6,-19.434,0.468212
0.014,0,-18.583,-19.327,0.425647
0.014,0,-18.723,-19.467,0.425647
0.014,0,-18.602,-19.346,0.425647
0.014,0,-18.599,-19.342,0.425647
0.014,1,-18.362,-19.195,0.468212
0.014,1,-18.355,-19.189,0.468212
0.014,0,-18.134,-18.877,0.425647
0.014,0,-18.293,-19.036,0.425647
0.014,0,-18.219,-18.962,0.425647
0.014,0,-18.569,-19.312,0.425647
0.015,0,-18.31,-19.053,0.425647
0.015,1,-18.644,-19.478,0.468212
0.015,0,-18.615,-19.358,0.425647
0.015,0,-18.576,-19.319,0.425647
0.015,0,-18.747,-19.49,0.425647
0.015,0,-18.784,-19.527,0.425647
0.015,0,-18.617,-19.36,0.425647
0.015,0,-18.727,-19.47,0.425647
0.015,0,-18.523,-19.266,0.425647
0.015,0,-18.355,-19.098,0.425647
0.015,0,-18.695,-19.437,0.425647
0.015,0,-18.582,-19.325,0.425647
0.015,0,-18.63,-19.372,0.425647
0.015,1,-18.601,-19.434,0.468212
0.015,0,-18.406,-19.148,0.425647
0.015,0,-18.823,-19.565,0.425647
0.015,0,-18.566,-19.308,0.425647
0.015,0,-18.275,-19.018,0.425647
0.015,0,-18.545,-19.287,0.425647
0.015,0,-18.591,-19.333,0.425647
0.015,1,-18.264,-19.097,0.468212
0.015,1,-18.281,-19.113,0.468212
0.015,1,-18.328,-19.16,0.468212
0.015,0,-18.63,-19.372,0.425647
0.015,0,-18.744,-19.486,0.425647
0.016,1,-18.759,-19.591,0.468212
0.016,1,-18.742,-19.574,0.468212
0.016,1,-18.383,-19.215,0.468212
0.016,1,-18.426,-19.258,0.468212
0.016,0,-18.319,-19.061,0.425647
0.016,1,-18.41,-19.242,0.468212
0.016,1,-18.58,-19.412,0.468212
0.016,1,-18.509,-19.341,0.468212
0.016,1,-18.59,-19.422,0.468212
0.016,1,-18.682,-19.514,0.468212
0.016,1,-18.199,-19.031,0.468212
0.016,1,-18.564,-19.396,0.468212
0.016,1,-18.429,-19.261,0.468212
0.016,1,-18.463,-19.295,0.468212
0.016,0,-18.652,-19.394,0.425647
0.016,0,-18.597,-19.339,0.425647
0.017,1,-18.265,-19.097,0.468212
0.017,1,-18.679,-19.511,0.468212
0.017,0,-18.614,-19.355,0.425647
0.017,0,-18.803,-19.544,0.425647
0.017,1,-18.413,-19.244,0.468212
0.017,1,-18.357,-19.188,0.468212
0.017,0,-18.896,-19.637,0.425647
0.017,0,-18.636,-19.377,0.425647
0.017,1,-18.254,-19.085,0.468212
0.017,1,-18.185,-19.016,0.468212
0.017,1,-18.751,-19.582,0.468212
0.017,1,-18.888,-19.719,0.468212
0.017,1,-18.832,-19.663,0.468212
0.017,0,-18.333,-19.073,0.425647
0.017,0,-18.489,-19.229,0.425647
0.017,1,-18.665,-19.496,0.468212
0.017,1,-18.551,-19.382,0.468212
0.017,1,-18.743,-19.574,0.468212
0.017,1,-18.565,-19.396,0.468212
0.017,1,-18.16,-18.99,0.468212
0.017,1,-18.637,-19.467,0.468212
0.017,1,-18.629,-19.459,0.468212
0.017,0,-18.474,-19.214,0.425647
0.017,0,-18.364,-19.105,0.425647
0.017,0,-18.515,-19.255,0.425647
0.017,1,-18.48,-19.31,0.468212
0.017,1,-18.523,-19.353,0.468212
0.017,0,-19.107,-19.847,0.425647
0.017,1,-18.479,-19.31,0.468212
0.017,1,-18.489,-19.319,0.468212
0.018,1,-18.662,-19.492,0.468212
0.018,0,-18.706,-19.446,0.425647
0.018,1,-18.505,-19.334,0.468212
0.018,1,-18.595,-19.424,0.468212
0.018,1,-18.554,-19.384,0.468212
0.018,1,-18.607,-19.436,0.468212
0.018,0,-18.648,-19.388,0.425647
0.018,1,-18.604,-19.434,0.468212
0.018,1,-18.27,-19.1,0.468212
0.018,0,-18.01,-18.75,0.425647
0.018,1,-18.699,-19.528,0.468212
0.018,0,-18.566,-19.305,0.425647
0.019,1,-18.442,-19.271,0.468212
0.019,1,-18.358,-19.187,0.468212
0.019,1,-18.329,-19.158,0.468212
0.019,1,-18.375,-19.203,0.468212
0.019,0,-18.431,-19.17,0.425647
0.019,1,-18.411,-19.24,0.468212
0.019,1,-18.471,-19.3,0.468212
0.019,0,-18.654,-19.393,0.425647
0.019,1,-18.266,-19.094,0.468212
0.019,1,-18.233,-19.06,0.468212
0.02,1,-18.316,-19.143,0.468212
0.02,1,-18.333,-19.161,0.468212
0.02,0,-18.477,-19.215,0.425647
0.02,0,-18.82,-19.557,0.425647
0.02,0,-18.506,-19.243,0.425647
0.02,0,-18.684,-19.422,0.425647
0.02,1,-18.614,-19.441,0.468212
0.02,1,-18.419,-19.246,0.468212
0.02,1,-18.526,-19.353,0.468212
0.02,1,-18.624,-19.451,0.468212
0.02,1,-18.55,-19.376,0.468212
0.02,1,-18.477,-19.304,0.468212
0.02,1,-18.128,-18.955,0.468212
0.02,0,-18.411,-19.148,0.425647
0.02,0,-18.652,-19.389,0.425647
0.02,1,-18.568,-19.394,0.468212
0.02,1,-18.573,-19.4,0.468212
0.02,1,-18.646,-19.472,0.468212
0.02,0,-18.583,-19.32,0.425647
0.02,0,-18.117,-18.854,0.425647
0.021,0,-18.691,-19.427,0.425647
0.021,1,-18.744,-19.571,0.468212
0.021,1,-18.597,-19.423,0.468212
0.021,0,-18.791,-19.528,0.425647
0.021,1,-18.515,-19.341,0.468212
0.021,1,-18.554,-19.38,0.468212
0.021,0,-18.475,-19.212,0.425647
0.021,0,-18.598,-19.334,0.425647
0.021,1,-18.545,-19.371,0.468212
0.021,1,-18.85,-19.675,0.468212
0.021,0,-18.495,-19.231,0.425647
0.021,0,-18.198,-18.935,0.425647
0.021,0,-18.111,-18.847,0.425647
0.021,1,-18.484,-19.31,0.468212
0.021,1,-18.506,-19.331,0.468212
0.021,1,-18.498,-19.324,0.468212
0.021,1,-18.481,-19.306,0.468212
0.021,1,-18.9,-19.725,0.468212
0.022,0,-18.761,-19.496,0.425647
0.022,0,-18.741,-19.477,0.425647
0.022,0,-18.599,-19.335,0.425647
0.022,1,-18.535,-19.36,0.468212
0.022,1,-18.519,-19.344,0.468212
0.022,0,-18.538,-19.274,0.425647
0.022,1,-18.343,-19.168,0.468212
0.022,1,-18.64,-19.465,0.468212
0.022,0,-18.657,-19.393,0.425647
0.022,0,-18.522,-19.258,0.425647
0.022,1,-18.278,-19.102,0.468212
0.022,0,-18.405,-19.141,0.425647
0.022,1,-18.533,-19.357,0.468212
0.022,1,-18.515,-19.34,0.468212
0.022,1,-18.417,-19.242,0.468212
0.022,0,-18.661,-19.396,0.425647
0.022,0,-18.564,-19.299,0.425647
0.022,0,-18.655,-19.39,0.425647
0.022,0,-18.667,-19.402,0.425647
0.022,0,-18.579,-19.314,0.425647
0.022,0,-18.681,-19.416,0.425647
0.022,0,-18.64,-19.375,0.425647
0.022,0,-18.402,-19.137,0.425647
0.023,0,-18.724,-19.459,0.425647
0.023,0,-18.622,-19.356,0.425647
0.023,1,-18.511,-19.335,0.468212
0.023,0,-18.787,-19.522,0.425647
0.023,1,-18.136,-18.959,0.468212
0.023,0,-18.635,-19.369,0.425647
0.023,1,-18.408,-19.231,0.468212
0.023,1,-18.436,-19.259,0.468212
0.023,0,-18.516,-19.25,0.425647
0.023,0,-18.738,-19.473,0.425647
0.023,1,-18.399,-19.222,0.468212
0.023,0,-18.631,-19.365,0.425647
0.023,0,-18.601,-19.336,0.425647
0.023,0,-18.468,-19.202,0.425647
0.023,1,-18.791,-19.614,0.468212
0.023,1,-19.009,-19.832,0.468212
0.023,1,-18.464,-19.287,0.468212
0.023,1,-18.441,-19.264,0.468212
0.023,1,-18.471,-19.294,0.468212
0.023,1,-18.592,-19.415,0.468212
0.023,1,-18.592,-19.415,0.468212
0.023,0,-18.707,-19.441,0.425647
0.024,0,-18.708,-19.442,0.425647
0.024,0,-18.55,-19.283,0.425647
0.024,0,-18.512,-19.245,0.425647
0.024,0,-18.601,-19.335,0.425647
0.024,0,-18.981,-19.714,0.425647
0.024,1,-18.516,-19.339,0.468212
0.024,0,-18.62,-19.354,0.425647
0.024,1,-18.497,-19.32,0.468212
0.024,0,-18.694,-19.427,0.425647
0.024,0,-18.589,-19.322,0.425647
0.024,0,-18.685,-19.418,0.425647
0.024,1,-18.402,-19.225,0.468212
0.024,0,-18.497,-19.231,0.425647
0.024,0,-19.131,-19.864,0.425647
0.024,0,-18.725,-19.458,0.425647
0.024,0,-18.666,-19.399,0.425647
0.024,0,-18.524,-19.257,0.425647
0.024,1,-18.349,-19.17,0.468212
0.024,1,-18.453,-19.275,0.468212
0.024,1,-18.545,-19.367,0.468212
0.024,1,-18.579,-19.401,0.468212
0.024,0,-18.39,-19.123,0.425647
0.024,0,-18.613,-19.346,0.425647
0.025,1,-18.544,-19.365,0.468212
0.025,1,-18.477,-19.299,0.468212
0.025,1,-18.602,-19.424,0.468212
0.025,0,-18.466,-19.198,0.425647
0.025,1,-18.454,-19.275,0.468212
0.025,1,-18.508,-19.329,0.468212
0.025,1,-18.67,-19.491,0.468212
0.025,1,-18.609,-19.43,0.468212
0.025,0,-18.843,-19.576,0.425647
0.025,0,-18.841,-19.574,0.425647
0.025,0,-18.588,-19.321,0.425647
0.025,0,-18.48,-19.212,0.425647
0.025,0,-18.475,-19.207,0.425647
0.025,0,-18.854,-19.586,0.425647
0.025,0,-18.843,-19.575,0.425647
0.025,1,-18.523,-19.344,0.468212
0.025,0,-18.682,-19.414,0.425647
0.025,1,-18.577,-19.398,0.468212
0.025,0,-19.236,-19.968,0.425647
0.025,0,-18.786,-19.518,0.425647
0.025,0,-18.499,-19.231,0.425647
0.025,0,-18.47,-19.202,0.425647
0.025,1,-18.496,-19.317,0.468212
0.025,1,-18.496,-19.317,0.468212
0.025,0,-18.717,-19.449,0.425647
0.025,1,-18.671,-19.492,0.468212
0.025,1,-18.709,-19.53,0.468212
0.025,1,-18.435,-19.256,0.468212
0.025,0,-18.515,-19.247,0.425647
0.026,1,-18.46,-19.28,0.468212
0.026,1,-18.581,-19.402,0.468212
0.026,1,-18.901,-19.721,0.468212
0.026,0,-18.643,-19.375,0.425647
0.026,1,-18.276,-19.096,0.468212
0.026,0,-18.474,-19.206,0.425647
0.026,0,-18.659,-19.391,0.425647
0.026,0,-18.932,-19.664,0.425647
0.026,1,-18.368,-19.188,0.468212
0.026,1,-18.417,-19.237,0.468212
0.026,1,-18.36,-19.179,0.468212
0.026,0,-18.774,-19.505,0.425647
0.027,0,-18.519,-19.25,0.425647
0.027,1,-18.488,-19.307,0.468212
0.027,1,-18.468,-19.286,0.468212
0.027,1,-18.642,-19.46,0.468212
0.027,1,-18.523,-19.342,0.468212
0.027,0,-18.542,-19.272,0.425647
0.027,0,-18.588,-19.318,0.425647
0.027,0,-18.611,-19.34,0.425647
0.027,0,-18.534,-19.264,0.425647
0.027,0,-18.766,-19.496,0.425647
0.027,0,-18.651,-19.381,0.425647
0.027,1,-18.48,-19.299,0.468212
0.027,0,-18.581,-19.311,0.425647
0.027,1,-18.274,-19.092,0.468212
0.027,0,-18.779,-19.508,0.425647
0.027,0,-18.738,-19.468,0.425647
0.027,0,-18.78,-19.51,0.425647
0.028,1,-18.477,-19.294,0.468212
0.028,1,-18.121,-18.939,0.468212
0.028,0,-18.807,-19.536,0.425647
0.028,1,-18.179,-18.996,0.468212
0.028,0,-18.585,-19.313,0.425647
0.028,0,-18.631,-19.36,0.425647
0.028,1,-18.573,-19.39,0.468212
0.028,1,-18.357,-19.174,0.468212
0.028,1,-18.307,-19.124,0.468212
0.028,1,-18.305,-19.122,0.468212
0.028,1,-18.604,-19.421,0.468212
0.028,1,-18.507,-19.324,0.468212
0.028,1,-18.537,-19.354,0.468212
0.028,0,-18.867,-19.595,0.425647
0.028,0,-18.535,-19.263,0.425647
0.028,0,-18.68,-19.409,0.425647
0.028,0,-18.613,-19.341,0.425647
0.028,0,-18.775,-19.504,0.425647
0.029,1,-18.29,-19.107,0.468212
0.029,1,-18.231,-19.048,0.468212
0.029,1,-18.552,-19.368,0.468212
0.029,1,-18.486,-19.303,0.468212
0.029,1,-18.953,-19.77,0.468212
0.029,1,-18.637,-19.454,0.468212
0.029,1,-18.443,-19.26,0.468212
0.029,1,-18.868,-19.685,0.468212
0.029,0,-18.506,-19.234,0.425647
0.029,0,-18.328,-19.056,0.425647
0.029,1,-18.697,-19.513,0.468212
0.029,1,-18.335,-19.151,0.468212
0.029,1,-18.329,-19.145,0.468212
0.029,1,-18.48,-19.296,0.468212
0.029,1,-18.68,-19.496,0.468212
0.029,0,-18.953,-19.68,0.425647
0.029,0,-18.44,-19.168,0.425647
0.029,0,-18.685,-19.413,0.425647
0.03,1,-18.498,-19.313,0.468212
0.03,0,-18.547,-19.274,0.425647
0.03,0,-18.785,-19.512,0.425647
0.03,0,-18.568,-19.296,0.425647
0.03,1,-18.47,-19.285,0.468212
0.03,0,-18.643,-19.37,0.425647
0.03,0,-18.222,-18.949,0.425647
0.03,1,-18.487,-19.302,0.468212
0.03,1,-18.523,-19.338,0.468212
0.03,1,-18.531,-19.346,0.468212
0.03,1,-18.497,-19.311,0.468212
0.03,0,-18.555,-19.281,0.425647
0.03,1,-18.544,-19.359,0.468212
0.03,0,-18.586,-19.313,0.425647
0.031,1,-18.683,-19.497,0.468212
0.031,1,-18.701,-19.515,0.468212
0.031,1,-18.445,-19.259,0.468212
0.031,0,-18.682,-19.408,0.425647
0.031,1,-18.644,-19.459,0.468212
0.031,1,-18.572,-19.386,0.468212
0.031,1,-18.42,-19.234,0.468212
0.031,1,-18.154,-18.968,0.468212
0.031,1,-18.671,-19.485,0.468212
0.031,1,-18.739,-19.553,0.468212
0.031,0,-18.601,-19.327,0.425647
0.031,1,-18.411,-19.225,0.468212
0.031,1,-18.54,-19.354,0.468212
0.031,1,-18.495,-19.308,0.468212
0.031,0,-18.641,-19.366,0.425647
0.031,1,-18.416,-19.23,0.468212
0.031,1,-18.59,-19.403,0.468212
0.031,1,-18.506,-19.32,0.468212
0.031,1,-18.601,-19.415,0.468212
0.031,1,-18.314,-19.128,0.468212
0.031,1,-18.343,-19.157,0.468212
0.031,1,-18.299,-19.113,0.468212
0.031,1,-18.471,-19.284,0.468212
0.031,1,-18.455,-19.269,0.468212
0.031,0,-18.629,-19.355,0.425647
0.031,0,-18.28,-19.006,0.425647
0.031,1,-18.403,-19.217,0.468212
0.031,0,-18.486,-19.212,0.425647
0.032,1,-18.468,-19.281,0.468212
0.032,1,-18.43,-19.244,0.468212
0.032,1,-18.39,-19.203,0.468212
0.032,0,-18.765,-19.49,0.425647
0.032,1,-18.653,-19.465,0.468212
0.032,0,-18.58,-19.304,0.425647
0.033,0,-18.691,-19.416,0.425647
0.033,1,-18.327,-19.139,0.468212
0.033,1,-18.325,-19.137,0.468212
0.033,1,-18.305,-19.117,0.468212
0.033,1,-18.52,-19.332,0.468212
0.033,0,-18.365,-19.089,0.425647
0.033,1,-18.527,-19.339,0.468212
0.033,1,-18.555,-19.366,0.468212
0.033,1,-18.548,-19.36,0.468212
0.033,0,-18.653,-19.377,0.425647
0.033,0,-18.452,-19.176,0.425647
0.033,1,-18.479,-19.29,0.468212
0.033,1,-18.407,-19.218,0.468212
0.033,0,-18.563,-19.287,0.425647
0.033,0,-18.404,-19.128,0.425647
0.033,1,-18.592,-19.404,0.468212
0.033,1,-18.568,-19.379,0.468212
0.033,1,-18.505,-19.317,0.468212
0.033,1,-18.418,-19.229,0.468212
0.033,1,-18.373,-19.184,0.468212
0.033,1,-18.386,-19.197,0.468212
0.034,1,-18.478,-19.289,0.468212
0.034,1,-18.43,-19.241,0.468212
0.034,0,-18.325,-19.048,0.425647
0.034,1,-18.435,-19.245,0.468212
0.034,1,-18.363,-19.174,0.468212
0.034,0,-18.607,-19.33,0.425647
0.034,1,-18.376,-19.186,0.468212
0.034,1,-18.357,-19.167,0.468212
0.034,1,-18.517,-19.327,0.468212
0.034,1,-18.478,-19.288,0.468212
0.035,0,-18.422,-19.144,0.425647
0.035,1,-18.58,-19.39,0.468212
0.035,1,-18.471,-19.281,0.468212
0.035,1,-18.424,-19.233,0.468212
0.035,0,-18.555,-19.276,0.425647
0.035,1,-18.457,-19.266,0.468212
0.035,0,-18.638,-19.359,0.425647
0.035,0,-18.635,-19.357,0.425647
0.035,1,-18.52,-19.329,0.468212
0.035,1,-18.499,-19.308,0.468212
0.036,1,-18.383,-19.192,0.468212
0.036,0,-18.237,-18.959,0.425647
0.036,1,-18.43,-19.238,0.468212
0.036,1,-18.235,-19.043,0.468212
0.036,1,-18.461,-19.269,0.468212
0.036,0,-18.931,-19.652,0.425647
0.036,1,-18.413,-19.221,0.468212
0.036,0,-18.643,-19.363,0.425647
0.036,0,-18.322,-19.042,0.425647
0.036,0,-18.509,-19.23,0.425647
0.037,0,-18.613,-19.333,0.425647
0.037,0,-18.658,-19.378,0.425647
0.037,0,-18.476,-19.196,0.425647
0.037,1,-18.661,-19.468,0.468212
0.037,1,-18.538,-19.345,0.468212
0.037,1,-18.397,-19.204,0.468212
0.037,0,-18.474,-19.193,0.425647
0.037,1,-18.505,-19.311,0.468212
0.037,0,-18.509,-19.229,0.425647
0.037,1,-18.474,-19.28,0.468212
0.037,1,-18.488,-19.294,0.468212
0.037,1,-18.614,-19.42,0.468212
0.037,1,-18.51,-19.317,0.468212
0.038,0,-18.635,-19.354,0.425647
0.038,0,-18.253,-18.972,0.425647
0.038,0,-18.367,-19.087,0.425647
0.038,1,-18.511,-19.317,0.468212
0.038,1,-18.457,-19.262,0.468212
0.038,0,-18.521,-19.239,0.425647
0.038,1,-18.642,-19.447,0.468212
0.038,1,-18.674,-19.479,0.468212
0.038,0,-18.514,-19.233,0.425647
0.038,0,-18.114,-18.832,0.425647
0.038,1,-18.327,-19.132,0.468212
0.038,1,-18.297,-19.102,0.468212
0.039,0,-18.642,-19.36,0.425647
0.039,1,-18.548,-19.353,0.468212
0.039,1,-18.572,-19.376,0.468212
0.039,0,-18.479,-19.196,0.425647
0.039,0,-18.463,-19.181,0.425647
0.04,1,-18.363,-19.167,0.468212
0.04,1,-18.11,-18.914,0.468212
0.041,1,-18.654,-19.457,0.468212
0.041,1,-18.589,-19.392,0.468212
0.041,0,-18.777,-19.493,0.425647
0.041,1,-18.563,-19.365,0.468212
0.041,0,-18.368,-19.084,0.425647
0.041,1,-18.654,-19.456,0.468212
0.041,1,-18.38,-19.182,0.468212
0.042,1,-18.171,-18.973,0.468212
0.042,1,-18.55,-19.351,0.468212
0.043,0,-18.355,-19.07,0.425647
0.043,1,-18.492,-19.292,0.468212
0.043,1,-18.871,-19.671,0.468212
0.043,1,-18.542,-19.342,0.468212
0.043,1,-18.587,-19.387,0.468212
0.043,0,-18.68,-19.394,0.425647
0.043,0,-18.645,-19.359,0.425647
0.043,0,-18.497,-19.21,0.425647
0.043,1,-18.613,-19.413,0.468212
0.043,1,-18.539,-19.338,0.468212
0.044,0,-18.664,-19.377,0.425647
0.044,0,-18.614,-19.326,0.425647
0.044,1,-18.326,-19.124,0.468212
0.044,0,-18.667,-19.38,0.425647
0.044,1,-18.323,-19.121,0.468212
0.045,0,-18.46,-19.172,0.425647
0.045,1,-18.441,-19.239,0.468212
0.045,1,-18.228,-19.025,0.468212
0.045,1,-18.472,-19.269,0.468212
0.046,0,-18.563,-19.274,0.425647
0.046,0,-18.513,-19.224,0.425647
0.046,0,-18.873,-19.584,0.425647
0.046,1,-18.567,-19.364,0.468212
0.046,0,-18.787,-19.498,0.425647
0.046,1,-18.429,-19.225,0.468212
0.046,1,-18.649,-19.445,0.468212
0.047,0,-18.558,-19.268,0.425647
0.047,1,-18.513,-19.309,0.468212
0.047,0,-18.6,-19.31,0.425647
0.047,0,-18.593,-19.303,0.425647
0.047,1,-18.239,-19.034,0.468212
0.047,0,-18.541,-19.25,0.425647
0.048,1,-18.429,-19.224,0.468212
0.048,1,-18.443,-19.238,0.468212
0.048,0,-18.561,-19.27,0.425647
0.048,0,-18.646,-19.354,0.425647
0.048,1,-18.693,-19.486,0.468212
0.049,1,-18.746,-19.54,0.468212
0.049,1,-18.438,-19.232,0.468212
0.049,1,-18.511,-19.304,0.468212
0.049,0,-18.73,-19.437,0.425647
0.049,1,-18.533,-19.325,0.468212
0.05,1,-18.494,-19.286,0.468212
0.05,1,-18.664,-19.457,0.468212
0.05,1,-18.579,-19.371,0.468212
0.05,0,-18.378,-19.085,0.425647
0.05,0,-18.7,-19.406,0.425647
0.05,1,-18.698,-19.49,0.468212
0.05,0,-18.702,-19.408,0.425647
0.051,1,-18.46,-19.252,0.468212
0.051,0,-18.403,-19.109,0.425647
0.051,0,-18.393,-19.098,0.425647
0.051,0,-18.889,-19.594,0.425647
0.052,1,-18.622,-19.412,0.468212
0.052,1,-18.451,-19.241,0.468212
0.052,1,-18.362,-19.152,0.468212
0.052,1,-18.687,-19.477,0.468212
0.052,1,-18.398,-19.187,0.468212
0.053,0,-18.426,-19.131,0.425647
0.053,1,-18.501,-19.289,0.468212
0.053,1,-18.432,-19.22,0.468212
0.053,1,-18.429,-19.217,0.468212
0.055,1,-18.51,-19.297,0.468212
0.055,1,-18.485,-19.272,0.468212
0.055,1,-18.713,-19.5,0.468212
0.055,0,-18.589,-19.291,0.425647
0.056,0,-18.676,-19.377,0.425647
0.057,0,-18.592,-19.293,0.425647
0.057,1,-18.394,-19.179,0.468212
0.057,0,-18.534,-19.234,0.425647
0.057,1,-18.379,-19.163,0.468212
0.058,1,-18.503,-19.286,0.468212
0.058,1,-18.553,-19.336,0.468212
0.058,0,-18.617,-19.316,0.425647
0.059,1,-18.529,-19.311,0.468212
0.059,1,-18.363,-19.146,0.468212
0.06,0,-19.327,-20.024,0.425647
0.061,1,-18.555,-19.335,0.468212
0.061,1,-18.427,-19.207,0.468212
0.061,1,-18.397,-19.177,0.468212
0.061,1,-18.46,-19.239,0.468212
0.061,1,-18.643,-19.423,0.468212
0.061,1,-18.635,-19.414,0.468212
0.062,0,-18.619,-19.315,0.425647
0.064,1,-18.338,-19.115,0.468212
0.064,0,-18.757,-19.451,0.425647
0.064,1,-18.637,-19.413,0.468212
0.065,1,-18.661,-19.436,0.468212
0.066,1,-18.417,-19.191,0.468212
0.067,0,-18.708,-19.399,0.425647
0.067,0,-18.466,-19.157,0.425647
0.067,1,-18.578,-19.351,0.468212
0.068,1,-18.339,-19.112,0.468212
0.068,0,-18.697,-19.386,0.425647
0.069,1,-18.445,-19.216,0.468212
0.069,1,-18.588,-19.359,0.468212
0.07,0,-18.699,-19.386,0.425647
0.071,1,-18.625,-19.395,0.468212
0.071,1,-18.644,-19.414,0.468212
0.071,0,-18.531,-19.218,0.425647
0.071,1,-18.449,-19.218,0.468212
0.071,1,-18.478,-19.247,0.468212
0.071,0,-18.286,-18.973,0.425647
0.071,0,-18.644,-19.331,0.425647
0.071,1,-18.586,-19.355,0.468212
0.072,1,-18.705,-19.473,0.468212
0.072,0,-18.624,-19.31,0.425647
0.072,0,-18.486,-19.172,0.425647
0.072,0,-18.425,-19.111,0.425647
0.073,1,-18.362,-19.129,0.468212
0.074,0,-18.557,-19.241,0.425647
0.074,1,-18.608,-19.373,0.468212
0.074,1,-18.594,-19.36,0.468212
0.075,0,-18.673,-19.355,0.425647
0.075,0,-18.583,-19.266,0.425647
0.076,1,-18.265,-19.029,0.468212
0.076,0,-18.619,-19.302,0.425647
0.076,0,-18.535,-19.217,0.425647
0.078,0,-18.674,-19.354,0.425647
0.079,0,-18.418,-19.098,0.425647
0.079,1,-18.157,-18.918,0.468212
0.079,1,-18.079,-18.839,0.468212
0.079,0,-18.661,-19.34,0.425647
0.079,1,-18.398,-19.158,0.468212
0.079,1,-18.659,-19.419,0.468212
0.08,0,-18.687,-19.366,0.425647
0.08,1,-18.545,-19.304,0.468212
0.082,0,-18.616,-19.293,0.425647
0.082,1,-18.459,-19.216,0.468212
0.083,0,-18.692,-19.368,0.425647
0.083,1,-18.302,-19.058,0.468212
0.084,1,-18.355,-19.11,0.468212
0.086,1,-18.527,-19.281,0.468212
0.087,0,-18.635,-19.307,0.425647
0.089,0,-18.749,-19.42,0.425647
0.09,0,-18.65,-19.318,0.425647
0.091,0,-18.555,-19.224,0.425647
0.092,0,-18.451,-19.119,0.425647
0.093,0,-18.411,-19.077,0.425647
0.1,0,-18.353,-19.014,0.425647
0.102,0,-18.542,-19.201,0.425647
0.102,0,-18.444,-19.103,0.425647
0.102,0,-18.607,-19.266,0.425647
0.103,1,-18.609,-19.346,0.468212
0.104,1,-18.472,-19.208,0.468212
0.104,1,-18.601,-19.336,0.468212
0.105,0,-18.487,-19.143,0.425647
0.107,0,-18.689,-19.344,0.425647
0.107,1,-18.42,-19.152,0.468212
0.107,0,-18.532,-19.186,0.425647
0.107,1,-18.104,-18.836,0.468212
0.108,1,-18.399,-19.13,0.468212
0.108,0,-18.577,-19.231,0.425647
0.109,1,-18.524,-19.254,0.468212
0.11,1,-18.375,-19.105,0.468212
0.113,0,-18.455,-19.105,0.425647
0.114,1,-18.639,-19.364,0.468212
0.117,0,-18.615,-19.261,0.425647
0.117,0,-18.526,-19.173,0.425647
0.118,0,-18.605,-19.25,0.425647
0.118,1,-18.499,-19.22,0.468212
0.118,1,-18.697,-19.418,0.468212
0.119,1,-18.566,-19.287,0.468212
0.12,0,-18.632,-19.275,0.425647
0.121,1,-18.367,-19.086,0.468212
0.121,0,-18.607,-19.249,0.425647
0.122,0,-18.67,-19.312,0.425647
0.122,0,-18.657,-19.299,0.425647
0.123,1,-18.517,-19.234,0.468212
0.123,0,-18.689,-19.329,0.425647
0.124,0,-18.677,-19.317,0.425647
0.124,0,-18.496,-19.136,0.425647
0.124,0,-18.474,-19.114,0.425647
0.124,1,-18.574,-19.29,0.468212
0.124,0,-18.467,-19.107,0.425647
0.125,1,-18.478,-19.193,0.468212
0.126,0,-18.19,-18.828,0.425647
0.126,0,-18.847,-19.485,0.425647
0.127,1,-18.47,-19.183,0.468212
0.127,0,-18.674,-19.311,0.425647
0.127,0,-18.618,-19.255,0.425647
0.127,0,-18.579,-19.216,0.425647
0.129,1,-18.567,-19.278,0.468212
0.129,1,-18.482,-19.193,0.468212
0.13,1,-18.495,-19.205,0.468212
0.13,1,-18.486,-19.197,0.468212
0.132,1,-18.565,-19.273,0.468212
0.133,1,-18.603,-19.31,0.468212
0.134,0,-18.65,-19.282,0.425647
0.134,0,-18.634,-19.266,0.425647
0.135,1,-18.185,-18.891,0.468212
0.135,0,-18.429,-19.059,0.425647
0.136,0,-18.543,-19.173,0.425647
0.137,1,-18.605,-19.309,0.468212
0.137,1,-18.451,-19.154,0.468212
0.137,0,-18.575,-19.204,0.425647
0.137,0,-18.191,-18.82,0.425647
0.138,1,-18.595,-19.298,0.468212
0.138,0,-18.606,-19.234,0.425647
0.138,1,-18.461,-19.164,0.468212
0.139,0,-18.52,-19.148,0.425647
0.139,1,-18.49,-19.192,0.468212
0.139,1,-18.444,-19.146,0.468212
0.14,1,-18.483,-19.184,0.468212
0.141,1,-18.348,-19.048,0.468212
0.141,1,-18.245,-18.945,0.468212
0.141,0,-18.565,-19.191,0.425647
0.141,0,-18.484,-19.11,0.425647
0.143,0,-18.592,-19.217,0.425647
0.143,0,-18.127,-18.751,0.425647
0.144,1,-18.458,-19.155,0.468212
0.144,1,-18.503,-19.2,0.468212
0.144,0,-18.639,-19.263,0.425647
0.145,1,-18.45,-19.145,0.468212
0.146,0,-18.504,-19.126,0.425647
0.147,0,-18.534,-19.156,0.425647
0.147,0,-18.691,-19.312,0.425647
0.147,0,-18.74,-19.361,0.425647
0.148,1,-18.504,-19.198,0.468212
0.148,1,-18.478,-19.172,0.468212
0.148,1,-18.415,-19.109,0.468212
0.148,0,-18.679,-19.299,0.425647
0.148,1,-18.625,-19.318,0.468212
0.149,0,-18.571,-19.191,0.425647
0.149,1,-18.555,-19.247,0.468212
0.15,0,-18.65,-19.268,0.425647
0.151,1,-18.519,-19.21,0.468212
0.152,0,-18.73,-19.348,0.425647
0.153,0,-18.469,-19.086,0.425647
0.153,1,-18.507,-19.196,0.468212
0.153,1,-18.628,-19.317,0.468212
0.153,1,-18.472,-19.161,0.468212
0.154,0,-18.439,-19.055,0.425647
0.155,0,-18.619,-19.234,0.425647
0.155,0,-18.551,-19.166,0.425647
0.155,0,-18.431,-19.046,0.425647
0.156,0,-18.87,-19.484,0.425647
0.157,1,-18.57,-19.256,0.468212
0.159,1,-18.727,-19.412,0.468212
0.159,0,-18.462,-19.073,0.425647
0.159,1,-18.868,-19.551,0.468212
0.159,1,-18.73,-19.413,0.468212
0.16,1,-18.786,-19.469,0.468212
0.16,1,-18.601,-19.284,0.468212
0.161,1,-18.631,-19.313,0.468212
0.161,1,-18.413,-19.096,0.468212
0.161,0,-18.695,-19.306,0.425647
0.161,0,-18.607,-19.218,0.425647
0.162,0,-18.61,-19.219,0.425647
0.164,1,-18.603,-19.283,0.468212
0.164,0,-18.702,-19.31,0.425647
0.165,1,-18.568,-19.247,0.468212
0.165,1,-18.583,-19.261,0.468212
0.166,0,-18.494,-19.101,0.425647
0.166,1,-18.735,-19.413,0.468212
0.168,1,-18.673,-19.349,0.468212
0.169,0,-18.518,-19.122,0.425647
0.17,0,-18.368,-18.971,0.425647
0.17,1,-18.505,-19.179,0.468212
0.171,0,-18.519,-19.121,0.425647
0.172,0,-18.607,-19.209,0.425647
0.173,0,-18.577,-19.179,0.425647
0.173,1,-18.743,-19.415,0.468212
0.173,0,-18.359,-18.96,0.425647
0.173,1,-18.632,-19.304,0.468212
0.174,1,-18.485,-19.156,0.468212
0.174,0,-18.747,-19.348,0.425647
0.174,1,-18.429,-19.1,0.468212
0.174,1,-18.458,-19.128,0.468212
0.174,0,-18.77,-19.371,0.425647
0.174,1,-18.529,-19.199,0.468212
0.174,0,-18.55,-19.151,0.425647
0.174,1,-18.55,-19.22,0.468212
0.175,1,-18.299,-18.969,0.468212
0.177,1,-18.549,-19.217,0.468212
0.177,1,-18.562,-19.23,0.468212
0.177,1,-18.598,-19.266,0.468212
0.178,1,-18.742,-19.41,0.468212
0.178,1,-18.434,-19.102,0.468212
0.179,0,-18.193,-18.79,0.425647
0.179,1,-18.456,-19.123,0.468212
0.179,1,-18.331,-18.998,0.468212
0.179,1,-18.565,-19.232,0.468212
0.18,0,-18.623,-19.219,0.425647
0.18,1,-18.555,-19.221,0.468212
0.18,1,-18.511,-19.177,0.468212
0.18,1,-18.113,-18.779,0.468212
0.18,1,-18.748,-19.413,0.468212
0.181,1,-18.616,-19.282,0.468212
0.181,1,-18.404,-19.069,0.468212
0.181,1,-18.482,-19.147,0.468212
0.181,0,-18.576,-19.172,0.425647
0.181,1,-18.501,-19.166,0.468212
0.181,1,-18.468,-19.133,0.468212
0.181,1,-18.641,-19.306,0.468212
0.181,1,-18.734,-19.399,0.468212
0.182,1,-18.553,-19.217,0.468212
0.182,1,-18.615,-19.279,0.468212
0.182,0,-18.522,-19.116,0.425647
0.183,0,-18.431,-19.025,0.425647
0.184,0,-18.628,-19.221,0.425647
0.184,0,-18.549,-19.142,0.425647
0.184,0,-18.479,-19.072,0.425647
0.184,1,-18.367,-19.03,0.468212
0.185,0,-18.301,-18.894,0.425647
0.185,1,-18.382,-19.044,0.468212
0.185,1,-18.519,-19.181,0.468212
0.185,1,-18.562,-19.224,0.468212
0.185,0,-18.502,-19.095,0.425647
0.185,0,-18.612,-19.205,0.425647
0.185,1,-18.636,-19.298,0.468212
0.185,1,-18.391,-19.053,0.468212
0.187,1,-18.442,-19.102,0.468212
0.187,1,-18.436,-19.096,0.468212
0.188,0,-18.54,-19.13,0.425647
0.189,1,-18.79,-19.448,0.468212
0.189,0,-18.488,-19.078,0.425647
0.189,1,-18.295,-18.953,0.468212
0.189,1,-18.09,-18.749,0.468212
0.189,1,-18.492,-19.15,0.468212
0.19,0,-18.54,-19.13,0.425647
0.19,1,-18.511,-19.169,0.468212
0.19,1,-18.363,-19.02,0.468212
0.19,1,-18.556,-19.214,0.468212
0.19,1,-18.328,-18.985,0.468212
0.194,0,-18.562,-19.148,0.425647
0.194,1,-18.416,-19.07,0.468212
0.195,1,-18.174,-18.827,0.468212
0.196,0,-18.666,-19.251,0.425647
0.196,1,-18.402,-19.055,0.468212
0.196,0,-18.421,-19.006,0.425647
0.196,1,-18.588,-19.241,0.468212
0.196,1,-18.543,-19.196,0.468212
0.196,1,-18.479,-19.131,0.468212
0.196,1,-18.427,-19.079,0.468212
0.197,1,-18.53,-19.181,0.468212
0.197,1,-18.639,-19.291,0.468212
0.198,0,-18.913,-19.497,0.425647
0.198,1,-18.586,-19.237,0.468212
0.198,0,-18.523,-19.106,0.425647
0.199,0,-18.09,-18.673,0.425647
0.199,0,-18.529,-19.111,0.425647
0.199,0,-18.528,-19.111,0.425647
0.199,0,-18.399,-18.981,0.425647
0.2,0,-18.575,-19.157,0.425647
0.2,1,-18.683,-19.333,0.468212
0.2,1,-18.464,-19.114,0.468212
0.201,0,-18.757,-19.338,0.425647
0.201,0,-18.458,-19.039,0.425647
0.201,1,-18.607,-19.256,0.468212
0.201,1,-18.522,-19.17,0.468212
0.202,0,-18.841,-19.421,0.425647
0.202,1,-18.399,-19.047,0.468212
0.203,1,-18.56,-19.207,0.468212
0.203,1,-18.437,-19.084,0.468212
0.203,1,-18.521,-19.168,0.468212
0.203,0,-18.543,-19.123,0.425647
0.203,0,-18.538,-19.117,0.425647
0.204,0,-18.573,-19.152,0.425647
0.205,1,-18.539,-19.185,0.468212
0.205,1,-18.579,-19.225,0.468212
0.205,1,-18.26,-18.906,0.468212
0.206,0,-18.686,-19.263,0.425647
0.207,1,-18.524,-19.168,0.468212
0.207,1,-18.137,-18.78,0.468212
0.208,1,-18.381,-19.024,0.468212
0.208,1,-18.734,-19.377,0.468212
0.209,1,-18.59,-19.232,0.468212
0.209,0,-18.43,-19.006,0.425647
0.209,0,-18.67,-19.246,0.425647
0.209,0,-18.655,-19.231,0.425647
0.209,1,-18.635,-19.277,0.468212
0.21,1,-18.336,-18.977,0.468212
0.21,0,-19.099,-19.673,0.425647
0.211,1,-18.529,-19.17,0.468212
0.211,1,-18.687,-19.328,0.468212
0.211,1,-18.54,-19.181,0.468212
0.211,1,-18.356,-18.997,0.468212
0.212,1,-18.535,-19.175,0.468212
0.212,0,-18.658,-19.232,0.425647
0.212,1,-18.571,-19.21,0.468212
0.213,1,-18.501,-19.139,0.468212
0.214,1,-18.516,-19.154,0.468212
0.214,0,-18.707,-19.279,0.425647
0.214,1,-18.515,-19.153,0.468212
0.215,1,-18.658,-19.295,0.468212
0.215,0,-18.144,-18.715,0.425647
0.216,0,-18.389,-18.96,0.425647
0.216,1,-18.731,-19.367,0.468212
0.217,0,-18.56,-19.13,0.425647
0.217,0,-18.534,-19.104,0.425647
0.217,1,-18.427,-19.063,0.468212
0.218,0,-18.644,-19.213,0.425647
0.218,0,-18.422,-18.991,0.425647
0.219,1,-18.44,-19.075,0.468212
0.219,1,-18.391,-19.026,0.468212
0.219,0,-18.521,-19.089,0.425647
0.219,1,-18.554,-19.189,0.468212
0.219,1,-18.584,-19.218,0.468212
0.22,1,-18.48,-19.114,0.468212
0.22,1,-18.531,-19.165,0.468212
0.22,1,-18.505,-19.139,0.468212
0.22,0,-18.421,-18.989,0.425647
0.22,1,-18.674,-19.308,0.468212
0.221,0,-18.481,-19.048,0.425647
0.221,1,-18.525,-19.158,0.468212
0.221,1,-18.566,-19.198,0.468212
0.221,1,-18.551,-19.184,0.468212
0.222,1,-18.418,-19.051,0.468212
0.223,1,-18.302,-18.934,0.468212
0.223,1,-18.482,-19.114,0.468212
0.224,0,-18.687,-19.252,0.425647
0.224,0,-18.581,-19.145,0.425647
0.224,1,-18.7,-19.33,0.468212
0.225,0,-18.602,-19.167,0.425647
0.225,0,-18.571,-19.135,0.425647
0.225,0,-18.587,-19.151,0.425647
0.226,0,-18.535,-19.099,0.425647
0.226,0,-18.737,-19.301,0.425647
0.226,1,-18.274,-18.903,0.468212
0.227,1,-18.577,-19.206,0.468212
0.228,1,-18.461,-19.088,0.468212
0.229,0,-18.594,-19.156,0.425647
0.229,1,-18.473,-19.1,0.468212
0.23,0,-18.631,-19.192,0.425647
0.23,0,-18.642,-19.203,0.425647
0.23,1,-18.402,-19.028,0.468212
0.231,1,-18.641,-19.266,0.468212
0.231,1,-18.608,-19.233,0.468212
0.231,0,-18.482,-19.043,0.425647
0.231,1,-18.4,-19.025,0.468212
0.232,1,-18.52,-19.145,0.468212
0.232,1,-18.633,-19.258,0.468212
0.232,0,-18.586,-19.145,0.425647
0.233,0,-18.964,-19.523,0.425647
0.234,0,-18.621,-19.18,0.425647
0.234,1,-18.329,-18.952,0.468212
0.234,0,-18.631,-19.189,0.425647
0.234,1,-18.606,-19.229,0.468212
0.235,1,-18.562,-19.185,0.468212
0.235,0,-18.54,-19.098,0.425647
0.235,0,-18.662,-19.22,0.425647
0.235,0,-18.66,-19.218,0.425647
0.236,1,-18.528,-19.15,0.468212
0.236,1,-18.39,-19.011,0.468212
0.237,1,-18.509,-19.131,0.468212
0.237,1,-18.306,-18.927,0.468212
0.237,0,-18.721,-19.277,0.425647
0.237,1,-18.548,-19.169,0.468212
0.237,1,-18.554,-19.175,0.468212
0.237,1,-18.045,-18.666,0.468212
0.238,1,-18.554,-19.175,0.468212
0.239,1,-18.897,-19.516,0.468212
0.24,0,-18.74,-19.295,0.425647
0.24,1,-18.425,-19.044,0.468212
0.241,0,-18.479,-19.033,0.425647
0.241,1,-18.491,-19.109,0.468212
0.242,0,-18.766,-19.319,0.425647
0.242,0,-18.716,-19.27,0.425647
0.242,1,-18.266,-18.883,0.468212
0.243,1,-18.414,-19.031,0.468212
0.243,0,-18.327,-18.88,0.425647
0.243,1,-18.589,-19.206,0.468212
0.244,1,-18.305,-18.922,0.468212
0.244,0,-18.617,-19.169,0.425647
0.244,1,-18.646,-19.262,0.468212
0.245,0,-18.791,-19.343,0.425647
0.245,1,-18.526,-19.141,0.468212
0.245,1,-18.365,-18.98,0.468212
0.246,1,-18.505,-19.12,0.468212
0.246,1,-18.435,-19.049,0.468212
0.246,1,-18.522,-19.137,0.468212
0.246,1,-18.495,-19.109,0.468212
0.247,0,-18.654,-19.205,0.425647
0.247,1,-18.483,-19.097,0.468212
0.247,1,-18.681,-19.294,0.468212
0.248,1,-18.689,-19.302,0.468212
0.249,0,-18.466,-19.015,0.425647
0.249,1,-18.466,-19.079,0.468212
0.249,1,-18.528,-19.141,0.468212
0.249,1,-18.569,-19.181,0.468212
0.249,1,-18.47,-19.083,0.468212
0.249,0,-18.645,-19.194,0.425647
0.25,0,-18.295,-18.843,0.425647
0.25,1,-18.61,-19.221,0.468212
0.25,1,-18.515,-19.126,0.468212
0.25,1,-18.313,-18.924,0.468212
0.25,0,-18.597,-19.145,0.425647
0.25,1,-18.497,-19.108,0.468212
0.251,0,-18.407,-18.955,0.425647
0.251,0,-18.676,-19.224,0.425647
0.251,0,-18.592,-19.14,0.425647
0.252,1,-18.457,-19.067,0.468212
0.253,0,-18.534,-19.08,0.425647
0.253,0,-18.59,-19.136,0.425647
0.253,0,-18.634,-19.18,0.425647
0.254,0,-18.975,-19.521,0.425647
0.254,1,-18.493,-19.101,0.468212
0.256,1,-18.322,-18.929,0.468212
0.256,1,-18.409,-19.016,0.468212
0.256,1,-18.597,-19.203,0.468212
0.257,1,-18.472,-19.078,0.468212
0.257,1,-18.401,-19.007,0.468212
0.257,1,-18.485,-19.091,0.468212
0.258,1,-18.374,-18.979,0.468212
0.258,0,-18.521,-19.064,0.425647
0.259,0,-18.587,-19.13,0.425647
0.259,1,-18.481,-19.086,0.468212
0.259,1,-18.453,-19.058,0.468212
0.259,0,-18.771,-19.313,0.425647
0.259,1,-18.571,-19.176,0.468212
0.259,0,-18.538,-19.08,0.425647
0.26,0,-18.62,-19.162,0.425647
0.261,0,-18.569,-19.11,0.425647
0.261,1,-18.4,-19.004,0.468212
0.261,1,-18.57,-19.174,0.468212
0.262,0,-18.663,-19.204,0.425647
0.262,1,-18.333,-18.936,0.468212
0.262,0,-18.402,-18.942,0.425647
0.262,1,-18.629,-19.232,0.468212
0.262,1,-18.328,-18.931,0.468212
0.262,0,-18.364,-18.904,0.425647
0.263,1,-17.768,-18.371,0.468212
0.263,1,-18.396,-18.998,0.468212
0.264,1,-18.638,-19.24,0.468212
0.264,1,-18.482,-19.084,0.468212
0.264,1,-18.738,-19.339,0.468212
0.264,1,-18.408,-19.01,0.468212
0.264,0,-18.598,-19.137,0.425647
0.265,0,-18.594,-19.133,0.425647
0.265,1,-18.376,-18.977,0.468212
0.266,0,-18.512,-19.05,0.425647
0.266,0,-18.796,-19.334,0.425647
0.266,1,-18.774,-19.374,0.468212
0.267,1,-18.523,-19.123,0.468212
0.268,1,-18.568,-19.166,0.468212
0.268,1,-18.618,-19.217,0.468212
0.269,1,-18.505,-19.103,0.468212
0.269,0,-18.691,-19.227,0.425647
0.269,0,-18.544,-19.081,0.425647
0.27,0,-18.524,-19.06,0.425647
0.27,1,-18.59,-19.187,0.468212
0.271,1,-18.588,-19.185,0.468212
0.271,0,-18.678,-19.214,0.425647
0.271,1,-18.542,-19.138,0.468212
0.273,1,-18.581,-19.176,0.468212
0.274,1,-18.657,-19.252,0.468212
0.275,1,-18.398,-18.993,0.468212
0.275,0,-18.427,-18.96,0.425647
0.275,0,-18.676,-19.209,0.425647
0.276,1,-18.487,-19.08,0.468212
0.276,1,-18.479,-19.072,0.468212
0.277,1,-18.307,-18.9,0.468212
0.278,0,-18.609,-19.14,0.425647
0.278,1,-18.249,-18.841,0.468212
0.279,1,-18.477,-19.068,0.468212
0.28,1,-18.68,-19.271,0.468212
0.28,0,-18.681,-19.21,0.425647
0.281,0,-18.587,-19.116,0.425647
0.281,1,-18.576,-19.166,0.468212
0.282,0,-18.667,-19.195,0.425647
0.283,0,-18.527,-19.055,0.425647
0.283,1,-18.557,-19.146,0.468212
0.284,0,-18.709,-19.237,0.425647
0.284,0,-18.743,-19.27,0.425647
0.284,1,-18.534,-19.121,0.468212
0.285,0,-18.176,-18.702,0.425647
0.286,1,-18.531,-19.118,0.468212
0.286,1,-18.567,-19.154,0.468212
0.287,1,-18.606,-19.192,0.468212
0.287,1,-18.682,-19.267,0.468212
0.288,0,-18.775,-19.3,0.425647
0.288,0,-18.439,-18.964,0.425647
0.288,1,-18.55,-19.135,0.468212
0.288,1,-18.511,-19.096,0.468212
0.289,1,-18.515,-19.1,0.468212
0.289,0,-18.381,-18.906,0.425647
0.289,1,-18.522,-19.107,0.468212
0.289,0,-18.649,-19.174,0.425647
0.289,0,-18.624,-19.148,0.425647
0.289,0,-18.353,-18.877,0.425647
0.29,1,-18.534,-19.118,0.468212
0.29,1,-18.545,-19.128,0.468212
0.29,0,-18.551,-19.075,0.425647
0.291,0,-18.86,-19.383,0.425647
0.292,0,-18.589,-19.112,0.425647
0.292,0,-18.585,-19.108,0.425647
0.292,1,-18.542,-19.124,0.468212
0.292,0,-18.93,-19.452,0.425647
0.293,0,-18.717,-19.239,0.425647
0.293,1,-18.6,-19.182,0.468212
0.293,1,-18.553,-19.135,0.468212
0.293,0,-18.532,-19.054,0.425647
0.294,1,-18.448,-19.029,0.468212
0.295,0,-18.614,-19.135,0.425647
0.296,1,-18.302,-18.882,0.468212
0.296,0,-18.384,-18.904,0.425647
0.296,1,-18.335,-18.914,0.468212
0.297,1,-18.673,-19.252,0.468212
0.297,0,-18.642,-19.161,0.425647
0.299,1,-18.075,-18.653,0.468212
0.299,0,-18.751,-19.27,0.425647
0.299,0,-18.489,-19.007,0.425647
0.299,1,-18.341,-18.919,0.468212
0.299,0,-18.391,-18.909,0.425647
0.299,1,-18.62,-19.197,0.468212
0.3,0,-18.435,-18.953,0.425647
0.3,0,-18.54,-19.058,0.425647
0.301,0,-18.252,-18.769,0.425647
0.301,0,-18.57,-19.087,0.425647
0.302,0,-18.321,-18.838,0.425647
0.303,0,-18.548,-19.065,0.425647
0.303,1,-18.563,-19.138,0.468212
0.304,1,-18.466,-19.041,0.468212
0.304,1,-18.31,-18.885,0.468212
0.304,0,-18.731,-19.247,0.425647
0.304,1,-18.686,-19.261,0.468212
0.305,0,-18.415,-18.93,0.425647
0.305,1,-18.496,-19.07,0.468212
0.305,1,-18.809,-19.382,0.468212
0.305,1,-18.497,-19.07,0.468212
0.305,1,-18.399,-18.972,0.468212
0.306,1,-18.46,-19.034,0.468212
0.307,1,-18.515,-19.088,0.468212
0.307,0,-18.312,-18.826,0.425647
0.307,1,-18.457,-19.03,0.468212
0.308,1,-18.223,-18.795,0.468212
0.308,1,-18.473,-19.044,0.468212
0.309,1,-18.434,-19.006,0.468212
0.309,1,-18.387,-18.958,0.468212
0.309,0,-18.517,-19.03,0.425647
0.309,1,-18.418,-18.989,0.468212
0.31,0,-18.775,-19.287,0.425647
0.311,0,-18.882,-19.394,0.425647
0.311,1,-18.448,-19.018,0.468212
0.311,1,-18.4,-18.971,0.468212
0.311,0,-18.497,-19.008,0.425647
0.312,0,-18.474,-18.986,0.425647
0.312,0,-18.564,-19.075,0.425647
0.313,1,-18.504,-19.073,0.468212
0.313,1,-18.426,-18.995,0.468212
0.313,0,-18.895,-19.406,0.425647
0.313,1,-18.444,-19.012,0.468212
0.313,1,-18.458,-19.026,0.468212
0.314,1,-18.448,-19.016,0.468212
0.315,1,-18.35,-18.918,0.468212
0.315,1,-18.46,-19.028,0.468212
0.315,0,-18.655,-19.164,0.425647
0.316,0,-18.341,-18.85,0.425647
0.316,1,-18.554,-19.12,0.468212
0.316,1,-18.291,-18.858,0.468212
0.318,1,-18.428,-18.993,0.468212
0.318,1,-18.426,-18.992,0.468212
0.318,1,-18.485,-19.05,0.468212
0.319,1,-18.172,-18.738,0.468212
0.319,1,-18.37,-18.935,0.468212
0.319,1,-18.617,-19.182,0.468212
0.321,1,-18.295,-18.858,0.468212
0.321,1,-18.572,-19.136,0.468212
0.321,0,-18.393,-18.899,0.425647
0.322,1,-18.807,-19.37,0.468212
0.322,1,-18.673,-19.236,0.468212
0.322,1,-18.658,-19.221,0.468212
0.323,0,-18.666,-19.171,0.425647
0.324,1,-18.483,-19.045,0.468212
0.325,1,-18.334,-18.895,0.468212
0.326,1,-18.299,-18.86,0.468212
0.326,1,-18.399,-18.96,0.468212
0.326,0,-18.573,-19.076,0.425647
0.326,0,-18.574,-19.077,0.425647
0.328,1,-18.58,-19.14,0.468212
0.328,1,-18.275,-18.835,0.468212
0.328,1,-18.233,-18.792,0.468212
0.329,0,-18.707,-19.209,0.425647
0.329,0,-18.571,-19.073,0.425647
0.329,1,-18.485,-19.044,0.468212
0.329,0,-18.715,-19.217,0.425647
0.329,0,-18.589,-19.09,0.425647
0.329,1,-18.18,-18.738,0.468212
0.33,1,-18.353,-18.911,0.468212
0.33,1,-18.49,-19.048,0.468212
0.33,1,-18.751,-19.309,0.468212
0.33,1,-18.368,-18.926,0.468212
0.331,0,-18.489,-18.99,0.425647
0.331,0,-18.488,-18.989,0.425647
0.331,1,-18.444,-19.001,0.468212
0.331,1,-18.606,-19.164,0.468212
0.331,1,-18.593,-19.151,0.468212
0.331,0,-18.633,-19.134,0.425647
0.331,1,-18.373,-18.93,0.468212
0.331,0,-18.562,-19.062,0.425647
0.332,1,-18.595,-19.152,0.468212
0.332,0,-18.693,-19.193,0.425647
0.333,0,-18.345,-18.844,0.425647
0.334,0,-18.676,-19.175,0.425647
0.334,0,-18.642,-19.141,0.425647
0.335,1,-18.509,-19.064,0.468212
0.335,0,-18.664,-19.163,0.425647
0.335,0,-18.666,-19.165,0.425647
0.337,1,-18.609,-19.163,0.468212
0.337,1,-18.484,-19.037,0.468212
0.338,1,-18.642,-19.195,0.468212
0.338,0,-18.561,-19.058,0.425647
0.338,0,-18.557,-19.053,0.425647
0.338,1,-18.512,-19.065,0.468212
0.338,1,-18.546,-19.099,0.468212
0.339,0,-18.663,-19.16,0.425647
0.341,0,-18.557,-19.053,0.425647
0.341,1,-18.619,-19.17,0.468212
0.341,0,-18.67,-19.165,0.425647
0.342,0,-18.527,-19.021,0.425647
0.344,1,-18.395,-18.944,0.468212
0.344,1,-18.411,-18.961,0.468212
0.345,1,-18.472,-19.021,0.468212
0.345,1,-18.507,-19.055,0.468212
0.346,1,-18.382,-18.931,0.468212
0.347,1,-18.305,-18.852,0.468212
0.347,1,-18.605,-19.153,0.468212
0.349,0,-18.418,-18.909,0.425647
0.349,0,-18.542,-19.033,0.425647
0.349,0,-18.51,-19.001,0.425647
0.349,0,-18.653,-19.144,0.425647
0.349,1,-18.535,-19.081,0.468212
0.349,1,-18.734,-19.28,0.468212
0.349,0,-18.419,-18.91,0.425647
0.349,0,-18.642,-19.133,0.425647
0.35,0,-18.309,-18.799,0.425647
0.35,0,-18.613,-19.103,0.425647
0.351,0,-18.568,-19.058,0.425647
0.351,1,-18.497,-19.042,0.468212
0.351,1,-18.274,-18.819,0.468212
0.351,0,-18.475,-18.964,0.425647
0.354,1,-18.404,-18.947,0.468212
0.355,0,-18.37,-18.858,0.425647
0.358,1,-18.44,-18.982,0.468212
0.358,0,-18.501,-18.987,0.425647
0.358,1,-18.56,-19.101,0.468212
0.358,0,-18.71,-19.196,0.425647
0.359,0,-18.709,-19.195,0.425647
0.359,1,-18.364,-18.905,0.468212
0.359,1,-18.388,-18.929,0.468212
0.36,0,-18.683,-19.168,0.425647
0.36,1,-18.737,-19.277,0.468212
0.361,0,-18.442,-18.927,0.425647
0.361,1,-18.708,-19.247,0.468212
0.363,0,-18.643,-19.126,0.425647
0.363,1,-18.472,-19.01,0.468212
0.365,0,-18.44,-18.923,0.425647
0.366,0,-18.775,-19.257,0.425647
0.367,1,-18.626,-19.163,0.468212
0.367,1,-18.654,-19.19,0.468212
0.368,0,-18.66,-19.141,0.425647
0.368,0,-18.453,-18.934,0.425647
0.368,1,-18.324,-18.859,0.468212
0.369,0,-18.464,-18.945,0.425647
0.37,1,-18.43,-18.965,0.468212
0.37,1,-18.663,-19.197,0.468212
0.37,0,-18.559,-19.039,0.425647
0.371,1,-18.51,-19.044,0.468212
0.371,0,-18.557,-19.037,0.425647
0.371,1,-18.247,-18.781,0.468212
0.371,0,-18.668,-19.148,0.425647
0.371,1,-18.817,-19.351,0.468212
0.371,1,-18.479,-19.013,0.468212
0.371,0,-18.612,-19.091,0.425647
0.372,1,-18.509,-19.042,0.468212
0.372,0,-18.518,-18.997,0.425647
0.374,1,-18.595,-19.127,0.468212
0.374,1,-18.44,-18.972,0.468212
0.377,0,-18.566,-19.043,0.425647
0.378,1,-18.577,-19.107,0.468212
0.379,1,-18.513,-19.042,0.468212
0.38,1,-18.653,-19.182,0.468212
0.38,1,-18.534,-19.063,0.468212
0.381,0,-18.546,-19.021,0.425647
0.381,0,-18.558,-19.033,0.425647
0.381,1,-18.503,-19.031,0.468212
0.382,1,-18.282,-18.81,0.468212
0.382,0,-18.454,-18.928,0.425647
0.382,1,-18.593,-19.121,0.468212
0.383,1,-18.601,-19.128,0.468212
0.384,0,-18.511,-18.984,0.425647
0.386,1,-18.467,-18.993,0.468212
0.387,0,-18.668,-19.14,0.425647
0.387,0,-18.495,-18.966,0.425647
0.388,1,-18.371,-18.895,0.468212
0.389,0,-18.679,-19.149,0.425647
0.389,0,-18.521,-18.991,0.425647
0.393,1,-18.557,-19.079,0.468212
0.395,1,-18.58,-19.101,0.468212
0.397,0,-18.854,-19.321,0.425647
0.399,1,-18.364,-18.882,0.468212
0.401,1,-18.59,-19.108,0.468212
0.402,1,-18.614,-19.13,0.468212
0.403,1,-18.55,-19.066,0.468212
0.404,1,-18.486,-19.002,0.468212
0.405,0,-18.486,-18.949,0.425647
0.405,1,-18.772,-19.287,0.468212
0.406,1,-18.333,-18.848,0.468212
0.406,0,-18.48,-18.943,0.425647
0.409,0,-18.487,-18.948,0.425647
0.409,1,-18.396,-18.909,0.468212
0.409,1,-18.431,-18.944,0.468212
0.409,0,-18.512,-18.973,0.425647
0.41,1,-18.458,-18.971,0.468212
0.411,1,-18.487,-18.999,0.468212
0.411,0,-18.369,-18.828,0.425647
0.412,1,-18.338,-18.85,0.468212
0.413,0,-18.42,-18.88,0.425647
0.417,1,-18.452,-18.961,0.468212
0.419,0,-18.628,-19.085,0.425647
0.419,1,-18.512,-19.02,0.468212
0.419,1,-18.739,-19.246,0.468212
0.42,0,-18.385,-18.841,0.425647
0.42,0,-18.454,-18.91,0.425647
0.42,0,-18.814,-19.27,0.425647
0.42,0,-18.422,-18.878,0.425647
0.421,0,-18.641,-19.097,0.425647
0.421,0,-18.532,-18.987,0.425647
0.422,1,-18.681,-19.187,0.468212
0.422,1,-18.569,-19.075,0.468212
0.422,1,-18.538,-19.044,0.468212
0.423,1,-18.628,-19.134,0.468212
0.424,1,-18.384,-18.889,0.468212
0.424,1,-18.5,-19.005,0.468212
0.425,1,-18.482,-18.987,0.468212
0.426,1,-18.533,-19.037,0.468212
0.426,1,-18.487,-18.991,0.468212
0.427,0,-18.483,-18.935,0.425647
0.427,1,-18.41,-18.914,0.468212
0.428,1,-17.974,-18.478,0.468212
0.429,0,-18.422,-18.874,0.425647
0.429,1,-18.612,-19.114,0.468212
0.429,0,-18.481,-18.933,0.425647
0.43,1,-18.339,-18.841,0.468212
0.43,0,-18.479,-18.93,0.425647
0.435,0,-18.559,-19.008,0.425647
0.435,1,-18.711,-19.21,0.468212
0.437,1,-18.297,-18.796,0.468212
0.438,0,-18.732,-19.18,0.425647
0.438,1,-18.426,-18.924,0.468212
0.439,0,-18.897,-19.344,0.425647
0.439,1,-18.646,-19.144,0.468212
0.439,0,-18.541,-18.988,0.425647
0.44,0,-18.232,-18.678,0.425647
0.441,1,-18.688,-19.185,0.468212
0.441,1,-18.647,-19.143,0.468212
0.442,0,-18.533,-18.978,0.425647
0.443,1,-18.432,-18.928,0.468212
0.444,1,-18.549,-19.044,0.468212
0.444,0,-18.586,-19.031,0.425647
0.448,0,-18.559,-19.003,0.425647
0.449,0,-18.536,-18.979,0.425647
0.449,0,-18.434,-18.877,0.425647
0.451,1,-18.737,-19.229,0.468212
0.451,1,-18.456,-18.947,0.468212
0.452,1,-18.798,-19.289,0.468212
0.452,1,-18.395,-18.886,0.468212
0.452,1,-18.671,-19.162,0.468212
0.452,0,-18.444,-18.885,0.425647
0.453,0,-18.651,-19.092,0.425647
0.453,1,-18.511,-19.002,0.468212
0.455,1,-18.616,-19.106,0.468212
0.455,1,-18.521,-19.011,0.468212
0.459,0,-18.509,-18.947,0.425647
0.461,1,-18.435,-18.922,0.468212
0.461,0,-18.473,-18.91,0.425647
0.462,1,-18.459,-18.946,0.468212
0.466,0,-18.176,-18.611,0.425647
0.467,0,-18.471,-18.906,0.425647
0.468,0,-18.556,-18.99,0.425647
0.469,0,-18.768,-19.202,0.425647
0.47,0,-18.324,-18.758,0.425647
0.471,1,-18.479,-18.961,0.468212
0.472,0,-18.566,-18.999,0.425647
0.472,0,-18.511,-18.944,0.425647
0.476,0,-18.63,-19.061,0.425647
0.478,0,-18.352,-18.783,0.425647
0.479,0,-18.718,-19.148,0.425647
0.479,0,-18.577,-19.007,0.425647
0.48,1,-18.646,-19.124,0.468212
0.481,1,-18.542,-19.019,0.468212
0.481,1,-18.571,-19.049,0.468212
0.482,0,-18.294,-18.723,0.425647
0.489,0,-18.553,-18.979,0.425647
0.492,0,-18.377,-18.802,0.425647
0.495,1,-18.539,-19.01,0.468212
0.496,1,-18.479,-18.95,0.468212
0.496,1,-18.544,-19.014,0.468212
0.497,0,-18.554,-18.976,0.425647
0.501,0,-18.44,-18.862,0.425647
0.501,1,-18.535,-19.004,0.468212
0.503,0,-18.547,-18.968,0.425647
0.503,0,-18.638,-19.058,0.425647
0.503,0,-18.561,-18.981,0.425647
0.503,0,-18.565,-18.986,0.425647
0.506,1,-18.598,-19.064,0.468212
0.506,0,-18.621,-19.04,0.425647
0.507,0,-18.495,-18.913,0.425647
0.507,1,-18.442,-18.908,0.468212
0.508,0,-18.716,-19.134,0.425647
0.51,0,-18.65,-19.068,0.425647
0.511,0,-18.691,-19.108,0.425647
0.512,0,-18.364,-18.781,0.425647
0.514,0,-18.507,-18.923,0.425647
0.514,0,-18.54,-18.956,0.425647
0.515,0,-18.441,-18.857,0.425647
0.517,1,-18.641,-19.102,0.468212
0.519,0,-18.593,-19.007,0.425647
0.519,0,-18.605,-19.019,0.425647
0.519,0,-18.547,-18.961,0.425647
0.52,0,-18.501,-18.915,0.425647
0.523,0,-18.457,-18.87,0.425647
0.524,0,-18.635,-19.048,0.425647
0.526,0,-18.653,-19.065,0.425647
0.529,0,-18.749,-19.16,0.425647
0.529,0,-18.547,-18.958,0.425647
0.531,0,-18.966,-19.376,0.425647
0.531,0,-18.336,-18.746,0.425647
0.531,1,-18.277,-18.732,0.468212
0.532,1,-18.825,-19.279,0.468212
0.533,0,-18.607,-19.016,0.425647
0.534,1,-18.649,-19.103,0.468212
0.534,1,-18.674,-19.127,0.468212
0.535,0,-18.547,-18.955,0.425647
0.536,0,-18.656,-19.063,0.425647
0.539,0,-18.553,-18.959,0.425647
0.541,1,-18.57,-19.02,0.468212
0.542,0,-18.366,-18.772,0.425647
0.545,1,-18.307,-18.756,0.468212
0.548,0,-18.905,-19.308,0.425647
0.549,1,-18.716,-19.164,0.468212
0.55,1,-18.567,-19.014,0.468212
0.55,0,-18.565,-18.967,0.425647
0.55,1,-18.483,-18.93,0.468212
0.553,1,-18.71,-19.156,0.468212
0.554,1,-18.419,-18.864,0.468212
0.554,0,-18.871,-19.272,0.425647
0.558,1,-18.489,-18.933,0.468212
0.559,0,-18.243,-18.643,0.425647
0.559,0,-18.679,-19.078,0.425647
0.562,0,-18.696,-19.094,0.425647
0.563,1,-18.348,-18.79,0.468212
0.563,0,-18.565,-18.963,0.425647
0.564,0,-18.609,-19.006,0.425647
0.564,1,-18.469,-18.911,0.468212
0.564,0,-18.605,-19.002,0.425647
0.565,1,-18.472,-18.913,0.468212
0.569,0,-18.781,-19.176,0.425647
0.575,1,-18.816,-19.253,0.468212
0.576,1,-18.418,-18.854,0.468212
0.576,0,-18.566,-18.959,0.425647
0.577,1,-18.587,-19.023,0.468212
0.577,1,-18.371,-18.807,0.468212
0.578,0,-18.646,-19.039,0.425647
0.578,1,-18.569,-19.005,0.468212
0.579,0,-18.639,-19.031,0.425647
0.579,0,-18.535,-18.927,0.425647
0.58,0,-18.677,-19.069,0.425647
0.581,0,-18.501,-18.893,0.425647
0.581,0,-18.369,-18.76,0.425647
0.583,1,-18.5,-18.934,0.468212
0.583,1,-18.245,-18.679,0.468212
0.584,0,-18.611,-19.002,0.425647
0.584,1,-18.396,-18.829,0.468212
0.584,0,-18.668,-19.059,0.425647
0.586,0,-18.39,-18.779,0.425647
0.587,1,-18.436,-18.868,0.468212
0.589,0,-18.607,-18.996,0.425647
0.59,1,-18.558,-18.989,0.468212
0.592,0,-18.672,-19.059,0.425647
0.601,1,-18.506,-18.934,0.468212
0.602,1,-18.366,-18.792,0.468212
0.603,1,-18.379,-18.805,0.468212
0.606,0,-18.568,-18.951,0.425647
0.608,0,-18.602,-18.984,0.425647
0.609,0,-18.767,-19.148,0.425647
0.609,0,-18.577,-18.959,0.425647
0.61,0,-18.512,-18.893,0.425647
0.611,1,-18.492,-18.916,0.468212
0.611,1,-18.258,-18.681,0.468212
0.612,0,-18.506,-18.887,0.425647
0.616,0,-18.516,-18.895,0.425647
0.619,1,-18.478,-18.899,0.468212
0.619,0,-18.544,-18.923,0.425647
0.62,0,-18.485,-18.863,0.425647
0.621,0,-18.546,-18.924,0.425647
0.622,0,-18.66,-19.037,0.425647
0.625,0,-18.605,-18.982,0.425647
0.627,0,-18.686,-19.062,0.425647
0.631,1,-18.581,-18.997,0.468212
0.632,1,-18.938,-19.353,0.468212
0.632,0,-18.442,-18.816,0.425647
0.634,0,-18.701,-19.075,0.425647
0.638,0,-18.784,-19.156,0.425647
0.638,0,-18.451,-18.823,0.425647
0.638,0,-18.656,-19.029,0.425647
0.639,0,-18.537,-18.909,0.425647
0.639,0,-18.53,-18.902,0.425647
0.642,0,-18.483,-18.854,0.425647
0.643,0,-18.974,-19.345,0.425647
0.644,0,-18.538,-18.909,0.425647
0.644,0,-18.534,-18.905,0.425647
0.648,0,-18.534,-18.904,0.425647
0.649,0,-18.317,-18.686,0.425647
0.649,0,-18.624,-18.993,0.425647
0.65,0,-18.58,-18.949,0.425647
0.662,1,-18.39,-18.795,0.468212
0.665,0,-18.55,-18.914,0.425647
0.671,1,-18.335,-18.737,0.468212
0.678,0,-18.244,-18.605,0.425647
0.682,0,-18.648,-19.007,0.425647
0.684,1,-18.281,-18.679,0.468212
0.685,0,-18.481,-18.839,0.425647
0.689,0,-18.697,-19.054,0.425647
0.689,1,-18.62,-19.016,0.468212
0.689,0,-18.469,-18.825,0.425647
0.691,0,-18.604,-18.96,0.425647
0.693,1,-18.572,-18.967,0.468212
0.697,1,-18.534,-18.927,0.468212
0.698,0,-18.579,-18.933,0.425647
0.699,0,-18.609,-18.963,0.425647
0.699,1,-18.442,-18.834,0.468212
0.699,0,-18.439,-18.793,0.425647
0.7,1,-18.399,-18.791,0.468212
0.701,1,-18.599,-18.991,0.468212
0.701,0,-18.46,-18.813,0.425647
0.702,0,-18.663,-19.016,0.425647
0.702,0,-18.516,-18.869,0.425647
0.716,1,-18.577,-18.964,0.468212
0.719,1,-18.708,-19.095,0.468212
0.72,0,-18.46,-18.808,0.425647
0.72,0,-18.654,-19.002,0.425647
0.72,1,-18.426,-18.812,0.468212
0.721,0,-18.581,-18.929,0.425647
0.727,0,-18.568,-18.914,0.425647
0.728,1,-18.606,-18.99,0.468212
0.729,0,-18.65,-18.996,0.425647
0.73,0,-18.742,-19.087,0.425647
0.732,0,-18.486,-18.831,0.425647
0.734,1,-18.651,-19.033,0.468212
0.734,0,-18.454,-18.798,0.425647
0.735,1,-18.386,-18.768,0.468212
0.736,1,-18.462,-18.843,0.468212
0.736,0,-18.514,-18.857,0.425647
0.737,0,-18.692,-19.035,0.425647
0.742,1,-18.183,-18.563,0.468212
0.743,0,-18.622,-18.964,0.425647
0.746,1,-18.51,-18.888,0.468212
0.746,0,-18.734,-19.075,0.425647
0.749,1,-18.75,-19.127,0.468212
0.749,0,-18.55,-18.89,0.425647
0.751,0,-18.831,-19.171,0.425647
0.759,0,-18.513,-18.851,0.425647
0.761,1,-18.663,-19.037,0.468212
0.761,1,-18.554,-18.928,0.468212
0.762,0,-18.638,-18.975,0.425647
0.766,1,-18.509,-18.882,0.468212
0.767,0,-18.364,-18.699,0.425647
0.767,1,-18.387,-18.76,0.468212
0.767,1,-18.192,-18.564,0.468212
0.769,1,-18.463,-18.835,0.468212
0.769,0,-18.578,-18.913,0.425647
0.773,0,-18.451,-18.785,0.425647
0.779,0,-18.789,-19.121,0.425647
0.788,0,-18.553,-18.883,0.425647
0.789,1,-18.441,-18.806,0.468212
0.789,0,-18.661,-18.991,0.425647
0.797,0,-18.982,-19.31,0.425647
0.799,1,-18.422,-18.785,0.468212
0.84,0,-18.661,-18.978,0.425647
0.84,0,-18.82,-19.137,0.425647
0.855,1,-18.415,-18.764,0.468212
0.936,1,-18.735,-19.064,0.468212
0.974,0,-18.292,-18.582,0.425647
1.012,0,-18.385,-18.667,0.425647
1.02,0,-18.246,-18.527,0.425647
1.021,0,-18.554,-18.834,0.425647
1.028,0,-18.005,-18.285,0.425647
1.048,0,-18.169,-18.445,0.425647
1.121,0,-18.325,-18.589,0.425647
1.232,0,-18.689,-18.937,0.425647
1.236,1,-18.086,-18.36,0.468212
1.299,0,-18.282,-18.521,0.425647
1.304,1,-18.409,-18.674,0.468212
1.306,0,-18.14,-18.378,0.425647
1.313,0,-18.387,-18.624,0.425647
1.329,0,-18.33,-18.566,0.425647
1.341,0,-18.473,-18.708,0.425647
1.351,0,-18.698,-18.931,0.425647
1.356,0,-18.447,-18.679,0.425647
1.391,1,-18.503,-18.756,0.468212
1.416,0,-18.91,-19.136,0.425647
1.543,0,-18.498,-18.711,0.425647
1.549,0,-18.305,-18.518,0.425647
1.615,0,-18.546,-18.753,0.425647
1.697,0,-18.546,-18.746,0.425647
1.801,0,-18.498,-18.691,0.425647
1.912,0,-18.713,-18.899,0.425647
2.261,0,-18.381,-18.549,0.425647
