z,distance_mpc,log_transport,k_transport_mpc_inv,h_transport_km_s_mpc,h_flrw_over_1pz_km_s_mpc
0.0,0.0,0.0,0.000233504,70.002842,70.00315
0.003,12.838987,0.002995509,0.000233123,69.888415,69.888239
0.006,25.66059,0.005982072,0.000232743,69.774624,69.77445
0.009,38.464778,0.008959741,0.000232367,69.661946,69.661773
0.012,51.251516,0.011928571,0.000231995,69.550369,69.550198
0.015,64.020773,0.014888612,0.000231627,69.439885,69.439716
0.018,76.772517,0.017839918,0.000231262,69.330484,69.330316
0.021,89.506717,0.020782539,0.0002309,69.222156,69.221989
0.024,102.223343,0.023716527,0.000230542,69.11489,69.114726
0.027,114.922363,0.026641931,0.000230188,69.008679,69.008516
0.03,127.603749,0.029558802,0.000229837,68.903513,68.903351
0.033,140.26747,0.03246719,0.00022949,68.799382,68.799222
0.036,152.913499,0.035367144,0.000229146,68.696276,68.696118
0.039,165.541807,0.038258712,0.000228806,68.594189,68.594032
0.042,178.152365,0.041141943,0.000228468,68.493109,68.492954
0.045,190.745147,0.044016885,0.000228135,68.393028,68.392875
0.048,203.320126,0.046883586,0.000227804,68.293939,68.293786
0.051,215.877274,0.049742092,0.000227477,68.195831,68.19568
0.054,228.416567,0.05259245,0.000227153,68.098696,68.098547
0.057,240.937979,0.055434707,0.000226832,68.002526,68.002379
0.06,253.441484,0.058268908,0.000226514,67.907313,67.907167
0.063,265.927059,0.061095099,0.0002262,67.813048,67.812903
0.066,278.394679,0.063913326,0.000225889,67.719723,67.719579
0.069,290.84432,0.066723632,0.00022558,67.627329,67.627187
0.072,303.275959,0.069526063,0.000225275,67.53586,67.535719
0.075,315.689574,0.072320662,0.000224973,67.445306,67.445167
0.078,328.085142,0.075107472,0.000224674,67.35566,67.355522
0.081,340.462642,0.077886539,0.000224378,67.266914,67.266777
0.084,352.822052,0.080657903,0.000224085,67.179061,67.178925
0.087,365.163352,0.083421608,0.000223795,67.092092,67.091958
0.09,377.486521,0.086177696,0.000223508,67.006001,67.005868
0.093,389.791539,0.088926209,0.000223224,66.920779,66.920647
0.096,402.078387,0.091667189,0.000222942,66.83642,66.836289
0.099,414.347046,0.094400675,0.000222664,66.752915,66.752786
0.102,426.597497,0.097126711,0.000222388,66.670258,66.670131
0.105,438.829723,0.099845335,0.000222115,66.588442,66.588316
0.108,451.043705,0.102556588,0.000221845,66.507459,66.507334
0.111,463.239426,0.105260511,0.000221578,66.427303,66.427179
0.114,475.41687,0.107957142,0.000221313,66.347966,66.347843
0.117,487.576021,0.11064652,0.000221051,66.269441,66.26932
0.12,499.716862,0.113328685,0.000220792,66.191723,66.191602
0.123,511.839379,0.116003676,0.000220535,66.114803,66.114683
0.126,523.943555,0.11867153,0.000220281,66.038675,66.038557
0.129,536.029378,0.121332285,0.00022003,65.963333,65.963216
0.132,548.096833,0.12398598,0.000219781,65.88877,65.888654
0.135,560.145905,0.126632651,0.000219535,65.81498,65.814865
0.138,572.176583,0.129272336,0.000219292,65.741956,65.741842
0.141,584.188853,0.131905071,0.000219051,65.669691,65.669578
0.144,596.182703,0.134530893,0.000218812,65.59818,65.598068
0.147,608.158121,0.137149838,0.000218576,65.527416,65.527306
0.15,620.115096,0.139761942,0.000218342,65.457393,65.457284
0.153,632.053616,0.142367241,0.000218111,65.388105,65.387997
0.156,643.973672,0.14496577,0.000217883,65.319546,65.319439
0.159,655.875252,0.147557564,0.000217656,65.25171,65.251603
0.162,667.758348,0.150142658,0.000217432,65.18459,65.184485
0.165,679.622949,0.152721087,0.000217211,65.118182,65.118077
0.168,691.469048,0.155292884,0.000216992,65.052478,65.052375
0.171,703.296635,0.157858085,0.000216775,64.987474,64.987372
0.174,715.105703,0.160416721,0.00021656,64.923164,64.923062
0.177,726.896243,0.162968828,0.000216348,64.859541,64.859441
0.18,738.668249,0.165514438,0.000216138,64.796601,64.796502
0.183,750.421714,0.168053585,0.000215931,64.734338,64.734239
0.186,762.156631,0.170586301,0.000215725,64.672746,64.672648
0.189,773.872995,0.173112618,0.000215522,64.61182,64.611723
0.192,785.570799,0.175632569,0.000215321,64.551554,64.551458
0.195,797.250039,0.178146185,0.000215122,64.491943,64.491848
0.198,808.910709,0.1806535,0.000214925,64.432982,64.432888
0.201,820.552806,0.183154543,0.000214731,64.374665,64.374573
0.204,832.176325,0.185649347,0.000214538,64.316988,64.316896
0.207,843.781263,0.188137942,0.000214348,64.259945,64.259854
0.21,855.367616,0.19062036,0.00021416,64.203531,64.203441
0.213,866.935381,0.19309663,0.000213974,64.147741,64.147652
0.216,878.484557,0.195566784,0.00021379,64.09257,64.092481
0.219,890.015141,0.19803085,0.000213608,64.038013,64.037925
0.222,901.527131,0.200488861,0.000213428,63.984065,63.983978
0.225,913.020525,0.202940844,0.00021325,63.930721,63.930635
0.228,924.495324,0.20538683,0.000213074,63.877976,63.877891
0.231,935.951526,0.207826847,0.0002129,63.825826,63.825742
0.234,947.389132,0.210260925,0.000212728,63.774266,63.774183
0.237,958.80814,0.212689093,0.000212558,63.723291,63.723208
0.24,970.208553,0.21511138,0.00021239,63.672896,63.672814
0.243,981.59037,0.217527813,0.000212224,63.623078,63.622997
0.246,992.953594,0.21993842,0.000212059,63.57383,63.57375
0.249,1004.298225,0.222343231,0.000211897,63.525149,63.52507
0.252,1015.624265,0.224742273,0.000211737,63.477031,63.476952
0.255,1026.931718,0.227135573,0.000211578,63.42947,63.429392
0.258,1038.220585,0.229523158,0.000211421,63.382463,63.382386
0.261,1049.490869,0.231905057,0.000211266,63.336005,63.335928
0.264,1060.742575,0.234281296,0.000211113,63.290091,63.290015
0.267,1071.975705,0.236651901,0.000210962,63.244718,63.244643
0.27,1083.190264,0.2390169,0.000210812,63.199881,63.199807
0.273,1094.386256,0.24137632,0.000210664,63.155576,63.155502
0.276,1105.563685,0.243730185,0.000210518,63.111798,63.111725
0.279,1116.722558,0.246078523,0.000210374,63.068544,63.068472
0.282,1127.862878,0.248421358,0.000210231,63.02581,63.025739
0.285,1138.984653,0.250758718,0.000210091,62.983591,62.983521
0.288,1150.087888,0.253090628,0.000209952,62.941884,62.941814
0.291,1161.172589,0.255417112,0.000209814,62.900684,62.900615
0.294,1172.238763,0.257738196,0.000209678,62.859987,62.859919
0.297,1183.286417,0.260053905,0.000209544,62.81979,62.819722
0.3,1194.315559,0.262364264,0.000209412,62.780089,62.780021
0.303,1205.326195,0.264669298,0.000209281,62.740879,62.740812
0.306,1216.318335,0.266969031,0.000209152,62.702157,62.702091
0.309,1227.291986,0.269263487,0.000209024,62.66392,62.663854
0.312,1238.247156,0.271552691,0.000208898,62.626162,62.626098
0.315,1249.183855,0.273836666,0.000208774,62.588882,62.588818
0.318,1260.102092,0.276115436,0.000208651,62.552074,62.552011
0.321,1271.001877,0.278389026,0.00020853,62.515736,62.515673
0.324,1281.883218,0.280657458,0.00020841,62.479864,62.479802
0.327,1292.746126,0.282920755,0.000208292,62.444453,62.444392
0.33,1303.590612,0.285178942,0.000208176,62.409501,62.40944
0.333,1314.416686,0.287432041,0.000208061,62.375004,62.374944
0.336,1325.224359,0.289680075,0.000207947,62.340959,62.340899
0.339,1336.013642,0.291923067,0.000207835,62.307362,62.307303
0.342,1346.784547,0.294161039,0.000207724,62.274209,62.27415
0.345,1357.537086,0.296394013,0.000207615,62.241497,62.241439
0.348,1368.271269,0.298622012,0.000207508,62.209223,62.209166
0.351,1378.987111,0.300845059,0.000207401,62.177384,62.177327
0.354,1389.684623,0.303063174,0.000207297,62.145975,62.145919
0.357,1400.363818,0.305276381,0.000207193,62.114995,62.114939
0.36,1411.024709,0.3074847,0.000207091,62.084439,62.084384
0.363,1421.66731,0.309688153,0.000206991,62.054304,62.054249
0.366,1432.291635,0.311886761,0.000206892,62.024587,62.024533
0.369,1442.897697,0.314080546,0.000206794,61.995285,61.995232
0.372,1453.48551,0.316269529,0.000206698,61.966395,61.966342
0.375,1464.055088,0.318453731,0.000206603,61.937913,61.937861
0.378,1474.606448,0.320633173,0.000206509,61.909837,61.909786
0.381,1485.139602,0.322807874,0.000206417,61.882163,61.882112
0.384,1495.654567,0.324977857,0.000206326,61.854889,61.854838
0.387,1506.151358,0.327143141,0.000206236,61.828011,61.827961
0.39,1516.629991,0.329303747,0.000206148,61.801526,61.801476
0.393,1527.09048,0.331459695,0.000206061,61.775431,61.775382
0.396,1537.532843,0.333611004,0.000205975,61.749724,61.749676
0.399,1547.957096,0.335757696,0.00020589,61.724402,61.724353
0.402,1558.363256,0.337899789,0.000205807,61.69946,61.699413
0.405,1568.751338,0.340037303,0.000205725,61.674898,61.674851
0.408,1579.12136,0.342170258,0.000205645,61.650711,61.650664
0.411,1589.47334,0.344298673,0.000205565,61.626897,61.626851
0.414,1599.807295,0.346422567,0.000205487,61.603453,61.603408
0.417,1610.123242,0.348541961,0.00020541,61.580377,61.580332
0.42,1620.4212,0.350656872,0.000205334,61.557665,61.55762
0.423,1630.701186,0.352767319,0.00020526,61.535315,61.535271
0.426,1640.963219,0.354873322,0.000205186,61.513324,61.51328
0.429,1651.207318,0.356974899,0.000205114,61.49169,61.491646
0.432,1661.4335,0.359072069,0.000205043,61.470409,61.470366
0.435,1671.641786,0.361164849,0.000204973,61.449479,61.449437
0.438,1681.832194,0.363253259,0.000204905,61.428898,61.428856
0.441,1692.004743,0.365337317,0.000204837,61.408663,61.408622
0.444,1702.159453,0.36741704,0.000204771,61.388771,61.38873
0.447,1712.296344,0.369492448,0.000204706,61.36922,61.369179
0.45,1722.415436,0.371563556,0.000204642,61.350007,61.349967
0.453,1732.516749,0.373630385,0.000204579,61.331129,61.33109
0.456,1742.600302,0.37569295,0.000204517,61.312585,61.312546
0.459,1752.666118,0.37775127,0.000204456,61.294371,61.294333
0.462,1762.714215,0.379805361,0.000204396,61.276486,61.276447
0.465,1772.744616,0.381855242,0.000204338,61.258926,61.258888
0.468,1782.757341,0.38390093,0.00020428,61.24169,61.241652
0.471,1792.752411,0.385942442,0.000204224,61.224774,61.224737
0.474,1802.729848,0.387979794,0.000204169,61.208178,61.208141
0.477,1812.689673,0.390013004,0.000204114,61.191897,61.19186
0.48,1822.631908,0.392042088,0.000204061,61.17593,61.175894
0.483,1832.556575,0.394067063,0.000204009,61.160275,61.160239
0.486,1842.463696,0.396087946,0.000203958,61.144928,61.144893
0.489,1852.353293,0.398104754,0.000203907,61.129889,61.129854
0.492,1862.225389,0.400117502,0.000203858,61.115154,61.11512
0.495,1872.080006,0.402126207,0.00020381,61.100722,61.100688
0.498,1881.917166,0.404130885,0.000203763,61.08659,61.086556
0.501,1891.736893,0.406131553,0.000203717,61.072756,61.072723
0.504,1901.53921,0.408128226,0.000203672,61.059218,61.059185
0.507,1911.324139,0.41012092,0.000203627,61.045973,61.04594
0.51,1921.091704,0.412109651,0.000203584,61.033019,61.032987
0.513,1930.841929,0.414094435,0.000203542,61.020355,61.020323
0.516,1940.574837,0.416075287,0.000203501,61.007978,61.007946
0.519,1950.290451,0.418052224,0.00020346,60.995886,60.995855
0.522,1959.988797,0.420025259,0.000203421,60.984077,60.984046
0.525,1969.669896,0.42199441,0.000203383,60.972548,60.972518
0.528,1979.333775,0.423959691,0.000203345,60.961299,60.961269
0.531,1988.980457,0.425921117,0.000203308,60.950326,60.950296
0.534,1998.609966,0.427878703,0.000203273,60.939628,60.939598
0.537,2008.222327,0.429832465,0.000203238,60.929202,60.929173
0.54,2017.817565,0.431782416,0.000203204,60.919048,60.919019
0.543,2027.395704,0.433728573,0.000203171,60.909162,60.909133
0.546,2036.95677,0.43567095,0.000203139,60.899542,60.899514
0.549,2046.500787,0.437609561,0.000203108,60.890188,60.89016
0.552,2056.02778,0.439544422,0.000203077,60.881096,60.881069
0.555,2065.537776,0.441475546,0.000203048,60.872265,60.872238
0.558,2075.030798,0.443402947,0.000203019,60.863694,60.863667
0.561,2084.506874,0.445326642,0.000202992,60.855379,60.855353
0.564,2093.966027,0.447246642,0.000202965,60.84732,60.847294
0.567,2103.408285,0.449162963,0.000202939,60.839514,60.839488
0.57,2112.833673,0.451075619,0.000202914,60.831959,60.831934
0.573,2122.242216,0.452984624,0.000202889,60.824655,60.82463
0.576,2131.633941,0.454889991,0.000202866,60.817598,60.817573
0.579,2141.008875,0.456791735,0.000202843,60.810788,60.810763
0.582,2150.367042,0.458689869,0.000202821,60.804221,60.804197
0.585,2159.708471,0.460584407,0.0002028,60.797898,60.797874
0.588,2169.033186,0.462475363,0.00020278,60.791815,60.791791
0.591,2178.341215,0.464362749,0.00020276,60.785971,60.785948
0.594,2187.632584,0.46624658,0.000202741,60.780364,60.780341
0.597,2196.90732,0.468126869,0.000202724,60.774993,60.774971
0.6,2206.165451,0.470003629,0.000202706,60.769856,60.769834
0.603,2215.407001,0.471876874,0.00020269,60.764951,60.764929
0.606,2224.632,0.473746616,0.000202674,60.760277,60.760255
0.609,2233.840473,0.475612868,0.00020266,60.755832,60.75581
0.612,2243.032449,0.477475644,0.000202646,60.751613,60.751592
0.615,2252.207953,0.479334957,0.000202632,60.74762,60.747599
0.618,2261.367015,0.481190819,0.00020262,60.743851,60.743831
0.621,2270.50966,0.483043243,0.000202608,60.740305,60.740284
0.624,2279.635917,0.484892242,0.000202597,60.736979,60.736959
0.627,2288.745812,0.486737828,0.000202586,60.733872,60.733852
0.63,2297.839375,0.488580015,0.000202577,60.730983,60.730963
0.633,2306.916632,0.490418814,0.000202568,60.72831,60.72829
0.636,2315.977611,0.492254238,0.00020256,60.725851,60.725832
0.639,2325.02234,0.4940863,0.000202552,60.723605,60.723586
0.642,2334.050847,0.495915011,0.000202545,60.72157,60.721551
0.645,2343.06316,0.497740384,0.000202539,60.719745,60.719727
0.648,2352.059307,0.499562431,0.000202534,60.718129,60.718111
0.651,2361.039317,0.501381165,0.000202529,60.716719,60.716701
0.654,2370.003216,0.503196597,0.000202525,60.715515,60.715497
0.657,2378.951034,0.505008738,0.000202522,60.714514,60.714497
0.66,2387.882799,0.506817602,0.000202519,60.713716,60.713699
0.663,2396.79854,0.5086232,0.000202517,60.713119,60.713102
0.666,2405.698283,0.510425544,0.000202516,60.712721,60.712704
0.669,2414.58206,0.512224645,0.000202515,60.712521,60.712505
0.672,2423.449896,0.514020515,0.000202515,60.712518,60.712502
0.675,2432.301822,0.515813165,0.000202516,60.712711,60.712695
0.678,2441.137866,0.517602608,0.000202517,60.713097,60.713081
0.681,2449.958056,0.519388854,0.000202519,60.713675,60.71366
0.684,2458.762422,0.521171916,0.000202522,60.714445,60.71443
0.687,2467.550991,0.522951804,0.000202525,60.715404,60.715389
0.69,2476.323794,0.524728529,0.000202529,60.716552,60.716537
0.693,2485.080858,0.526502103,0.000202533,60.717887,60.717872
0.696,2493.822213,0.528272537,0.000202538,60.719407,60.719393
0.699,2502.547887,0.530039843,0.000202544,60.721112,60.721098
0.702,2511.25791,0.53180403,0.00020255,60.723,60.722986
0.705,2519.952311,0.533565111,0.000202557,60.72507,60.725056
0.708,2528.631118,0.535323095,0.000202565,60.72732,60.727306
0.711,2537.294361,0.537077995,0.000202573,60.729749,60.729736
0.714,2545.942068,0.53882982,0.000202581,60.732356,60.732343
0.717,2554.57427,0.540578582,0.000202591,60.73514,60.735127
0.72,2563.190995,0.542324291,0.0002026,60.738099,60.738086
0.723,2571.792273,0.544066958,0.000202611,60.741233,60.74122
0.726,2580.378132,0.545806593,0.000202622,60.744539,60.744526
0.729,2588.948603,0.547543207,0.000202634,60.748017,60.748004
0.732,2597.503713,0.54927681,0.000202646,60.751665,60.751653
0.735,2606.043494,0.551007413,0.000202658,60.755482,60.755471
0.738,2614.567973,0.552735027,0.000202672,60.759468,60.759456
0.741,2623.077181,0.554459661,0.000202686,60.76362,60.763609
0.744,2631.571147,0.556181325,0.0002027,60.767939,60.767927
0.747,2640.0499,0.557900031,0.000202715,60.772421,60.77241
0.75,2648.51347,0.559615788,0.00020273,60.777067,60.777056
0.753,2656.961887,0.561328606,0.000202747,60.781875,60.781864
0.756,2665.395179,0.563038495,0.000202763,60.786844,60.786834
0.759,2673.813377,0.564745466,0.00020278,60.791973,60.791963
0.762,2682.216509,0.566449528,0.000202798,60.797261,60.797251
0.765,2690.604606,0.56815069,0.000202816,60.802706,60.802696
0.768,2698.977697,0.569848964,0.000202835,60.808308,60.808298
0.771,2707.335811,0.571544359,0.000202854,60.814065,60.814056
0.774,2715.678979,0.573236884,0.000202874,60.819977,60.819968
0.777,2724.007229,0.574926549,0.000202894,60.826042,60.826033
0.78,2732.320592,0.576613364,0.000202915,60.832259,60.83225
0.783,2740.619097,0.578297339,0.000202936,60.838627,60.838618
0.786,2748.902773,0.579978482,0.000202958,60.845145,60.845136
0.789,2757.171651,0.581656805,0.00020298,60.851812,60.851803
0.792,2765.42576,0.583332315,0.000203003,60.858626,60.858618
0.795,2773.665129,0.585005022,0.000203026,60.865588,60.86558
0.798,2781.889789,0.586674936,0.000203049,60.872696,60.872688
0.801,2790.099769,0.588342066,0.000203074,60.879948,60.87994
0.804,2798.295098,0.590006422,0.000203098,60.887344,60.887336
0.807,2806.475807,0.591668012,0.000203123,60.894883,60.894875
0.81,2814.641924,0.593326845,0.000203149,60.902563,60.902556
0.813,2822.793481,0.594982932,0.000203175,60.910385,60.910378
0.816,2830.930505,0.59663628,0.000203202,60.918346,60.918339
0.819,2839.053028,0.5982869,0.000203229,60.926446,60.926439
0.822,2847.161078,0.599934799,0.000203256,60.934684,60.934677
0.825,2855.254686,0.601579987,0.000203284,60.943058,60.943052
0.828,2863.333881,0.603222473,0.000203313,60.951569,60.951562
0.831,2871.398692,0.604862266,0.000203341,60.960214,60.960208
0.834,2879.44915,0.606499374,0.000203371,60.968993,60.968987
0.837,2887.485284,0.608133806,0.0002034,60.977906,60.9779
0.84,2895.507124,0.609765572,0.000203431,60.98695,60.986945
0.843,2903.514699,0.611394679,0.000203461,60.996126,60.996121
0.846,2911.508038,0.613021136,0.000203492,61.005432,61.005427
0.849,2919.487173,0.614644952,0.000203524,61.014867,61.014862
0.852,2927.452131,0.616266136,0.000203556,61.024431,61.024426
0.855,2935.402943,0.617884696,0.000203588,61.034123,61.034118
0.858,2943.339639,0.61950064,0.000203621,61.043941,61.043936
0.861,2951.262247,0.621113978,0.000203654,61.053884,61.05388
0.864,2959.170798,0.622724716,0.000203687,61.063953,61.063948
0.867,2967.065321,0.624332865,0.000203721,61.074146,61.074141
0.87,2974.945845,0.625938431,0.000203756,61.084461,61.084457
0.873,2982.812401,0.627541423,0.000203791,61.0949,61.094895
0.876,2990.665017,0.629141851,0.000203826,61.105459,61.105455
0.879,2998.503723,0.63073972,0.000203861,61.116139,61.116135
0.882,3006.328549,0.632335041,0.000203898,61.126939,61.126935
0.885,3014.139524,0.633927821,0.000203934,61.137858,61.137854
0.888,3021.936677,0.635518068,0.000203971,61.148895,61.148891
0.891,3029.720038,0.63710579,0.000204008,61.160049,61.160045
0.894,3037.489636,0.638690995,0.000204046,61.171319,61.171316
0.897,3045.245501,0.640273691,0.000204084,61.182705,61.182702
0.9,3052.987662,0.641853886,0.000204122,61.194206,61.194203
0.903,3060.716148,0.643431588,0.000204161,61.205821,61.205818
0.906,3068.430989,0.645006805,0.0002042,61.217549,61.217547
0.909,3076.132214,0.646579545,0.000204239,61.22939,61.229387
0.912,3083.819852,0.648149815,0.000204279,61.241342,61.24134
0.915,3091.493932,0.649717623,0.000204319,61.253405,61.253403
0.918,3099.154484,0.651282976,0.00020436,61.265579,61.265576
0.921,3106.801537,0.652845884,0.000204401,61.277861,61.277859
0.924,3114.43512,0.654406352,0.000204442,61.290252,61.29025
0.927,3122.055262,0.655964389,0.000204484,61.302751,61.302749
0.93,3129.661992,0.657520003,0.000204526,61.315357,61.315355
0.933,3137.25534,0.6590732,0.000204568,61.328069,61.328067
0.936,3144.835334,0.660623989,0.000204611,61.340887,61.340885
0.939,3152.402003,0.662172376,0.000204654,61.35381,61.353808
0.942,3159.955377,0.66371837,0.000204698,61.366836,61.366835
0.945,3167.495484,0.665261977,0.000204742,61.379967,61.379965
0.948,3175.022354,0.666803205,0.000204786,61.393199,61.393198
0.951,3182.536015,0.668342062,0.00020483,61.406534,61.406533
0.954,3190.036496,0.669878554,0.000204875,61.41997,61.419969
0.957,3197.523826,0.671412688,0.00020492,61.433507,61.433506
0.96,3204.998035,0.672944473,0.000204966,61.447143,61.447142
0.963,3212.459149,0.674473915,0.000205011,61.460879,61.460878
0.966,3219.907199,0.676001022,0.000205058,61.474712,61.474712
0.969,3227.342213,0.6775258,0.000205104,61.488644,61.488644
0.972,3234.76422,0.679048256,0.000205151,61.502673,61.502673
0.975,3242.173249,0.680568398,0.000205198,61.516798,61.516798
0.978,3249.569327,0.682086233,0.000205245,61.531019,61.531019
0.981,3256.952485,0.683601768,0.000205293,61.545335,61.545335
0.984,3264.322749,0.685115009,0.000205341,61.559746,61.559746
0.987,3271.680149,0.686625964,0.00020539,61.57425,61.57425
0.99,3279.024714,0.688134639,0.000205438,61.588847,61.588848
0.993,3286.356471,0.689641041,0.000205487,61.603537,61.603538
0.996,3293.675449,0.691145178,0.000205537,61.618319,61.618319
0.999,3300.981677,0.692647056,0.000205586,61.633192,61.633192
1.002,3308.275182,0.694146681,0.000205636,61.648155,61.648156
1.005,3315.555994,0.695644061,0.000205686,61.663208,61.663209
1.008,3322.82414,0.697139202,0.000205737,61.678351,61.678352
1.011,3330.079648,0.698632111,0.000205788,61.693582,61.693583
1.014,3337.322548,0.700122794,0.000205839,61.708902,61.708903
1.017,3344.552866,0.701611259,0.00020589,61.724309,61.72431
1.02,3351.770631,0.703097511,0.000205942,61.739802,61.739803
1.023,3358.975871,0.704581558,0.000205994,61.755382,61.755383
1.026,3366.168614,0.706063406,0.000206046,61.771048,61.771049
1.029,3373.348889,0.707543061,0.000206099,61.786798,61.7868
1.032,3380.516722,0.70902053,0.000206151,61.802633,61.802635
1.035,3387.672142,0.710495819,0.000206204,61.818552,61.818554
1.038,3394.815177,0.711968935,0.000206258,61.834555,61.834556
1.041,3401.945855,0.713439884,0.000206312,61.85064,61.850641
1.044,3409.064203,0.714908672,0.000206365,61.866807,61.866809
1.047,3416.170249,0.716375307,0.00020642,61.883056,61.883057
1.05,3423.264021,0.717839793,0.000206474,61.899385,61.899387
1.053,3430.345546,0.719302138,0.000206529,61.915795,61.915798
1.056,3437.414852,0.720762348,0.000206584,61.932286,61.932288
1.059,3444.471967,0.722220428,0.000206639,61.948855,61.948857
1.062,3451.516917,0.723676386,0.000206695,61.965503,61.965505
1.065,3458.549732,0.725130226,0.00020675,61.98223,61.982232
1.068,3465.570437,0.726581957,0.000206807,61.999034,61.999036
1.071,3472.579061,0.728031582,0.000206863,62.015915,62.015918
1.074,3479.57563,0.72947911,0.000206919,62.032873,62.032876
1.077,3486.560173,0.730924545,0.000206976,62.049907,62.04991
1.08,3493.532716,0.732367894,0.000207033,62.067017,62.067019
1.083,3500.493286,0.733809162,0.000207091,62.084201,62.084204
1.086,3507.44191,0.735248357,0.000207148,62.10146,62.101463
1.089,3514.378617,0.736685483,0.000207206,62.118794,62.118797
1.092,3521.303432,0.738120546,0.000207264,62.1362,62.136203
1.095,3528.216383,0.739553553,0.000207322,62.15368,62.153683
1.098,3535.117496,0.74098451,0.000207381,62.171232,62.171235
1.101,3542.0068,0.742413422,0.00020744,62.188856,62.188859
1.104,3548.88432,0.743840295,0.000207499,62.206552,62.206555
1.107,3555.750083,0.745265135,0.000207558,62.224318,62.224322
1.11,3562.604116,0.746687947,0.000207617,62.242155,62.242159
1.113,3569.446446,0.748108739,0.000207677,62.260062,62.260066
1.116,3576.2771,0.749527514,0.000207737,62.278039,62.278042
1.119,3583.096104,0.750944279,0.000207797,62.296084,62.296088
1.122,3589.903485,0.75235904,0.000207858,62.314199,62.314202
1.125,3596.699269,0.753771802,0.000207918,62.332381,62.332385
1.128,3603.483483,0.755182571,0.000207979,62.350631,62.350634
1.131,3610.256153,0.756591353,0.00020804,62.368948,62.368951
1.134,3617.017305,0.757998153,0.000208102,62.387331,62.387335
1.137,3623.766967,0.759402976,0.000208163,62.405781,62.405785
1.14,3630.505164,0.760805829,0.000208225,62.424297,62.424301
1.143,3637.231922,0.762206716,0.000208287,62.442877,62.442882
1.146,3643.947268,0.763605644,0.000208349,62.461523,62.461527
1.149,3650.651228,0.765002618,0.000208412,62.480233,62.480237
1.152,3657.343828,0.766397642,0.000208474,62.499007,62.499012
1.155,3664.025094,0.767790724,0.000208537,62.517845,62.517849
1.158,3670.695052,0.769181867,0.0002086,62.536745,62.53675
1.161,3677.353728,0.770571078,0.000208663,62.555708,62.555713
1.164,3684.001147,0.771958361,0.000208727,62.574734,62.574738
1.167,3690.637336,0.773343723,0.000208791,62.593821,62.593826
1.17,3697.262321,0.774727168,0.000208854,62.612969,62.612974
1.173,3703.876127,0.776108701,0.000208918,62.632179,62.632184
1.176,3710.47878,0.777488329,0.000208983,62.651449,62.651453
1.179,3717.070305,0.778866056,0.000209047,62.670778,62.670783
1.182,3723.650728,0.780241887,0.000209112,62.690168,62.690173
1.185,3730.220075,0.781615829,0.000209177,62.709617,62.709622
1.188,3736.778371,0.782987885,0.000209242,62.729124,62.729129
1.191,3743.325641,0.784358061,0.000209307,62.74869,62.748695
1.194,3749.861912,0.785726362,0.000209373,62.768314,62.768319
1.197,3756.387207,0.787092793,0.000209438,62.787995,62.788001
1.2,3762.901554,0.78845736,0.000209504,62.807734,62.807739
1.203,3769.404975,0.789820068,0.00020957,62.82753,62.827535
1.206,3775.897498,0.791180921,0.000209636,62.847381,62.847387
1.209,3782.379147,0.792539924,0.000209703,62.867289,62.867295
1.212,3788.849947,0.793897084,0.000209769,62.887253,62.887258
1.215,3795.309923,0.795252403,0.000209836,62.907271,62.907277
1.218,3801.7591,0.796605889,0.000209903,62.927345,62.92735
1.221,3808.197504,0.797957545,0.00020997,62.947473,62.947478
1.224,3814.625158,0.799307376,0.000210037,62.967655,62.967661
1.227,3821.042087,0.800655388,0.000210105,62.987891,62.987896
1.23,3827.448317,0.802001585,0.000210173,63.00818,63.008185
1.233,3833.843872,0.803345973,0.000210241,63.028522,63.028527
1.236,3840.228777,0.804688555,0.000210309,63.048916,63.048922
1.239,3846.603057,0.806029338,0.000210377,63.069363,63.069369
1.242,3852.966735,0.807368325,0.000210445,63.089862,63.089868
1.245,3859.319836,0.808705521,0.000210514,63.110412,63.110418
1.248,3865.662386,0.810040932,0.000210582,63.131013,63.131019
1.251,3871.994407,0.811374562,0.000210651,63.151665,63.151671
1.254,3878.315925,0.812706416,0.00021072,63.172367,63.172374
1.257,3884.626964,0.814036498,0.00021079,63.19312,63.193126
1.26,3890.927548,0.815364813,0.000210859,63.213922,63.213928
1.263,3897.217701,0.816691367,0.000210929,63.234774,63.23478
1.266,3903.497447,0.818016163,0.000210998,63.255674,63.25568
1.269,3909.766811,0.819339206,0.000211068,63.276623,63.27663
1.272,3916.025816,0.820660501,0.000211138,63.297621,63.297627
1.275,3922.274487,0.821980052,0.000211208,63.318667,63.318673
1.278,3928.512846,0.823297865,0.000211279,63.33976,63.339766
1.281,3934.740919,0.824613943,0.000211349,63.3609,63.360907
1.284,3940.958729,0.825928292,0.00021142,63.382088,63.382094
1.287,3947.166299,0.827240915,0.000211491,63.403322,63.403328
1.29,3953.363654,0.828551818,0.000211562,63.424602,63.424609
1.293,3959.550817,0.829861004,0.000211633,63.445929,63.445936
1.296,3965.727811,0.831168478,0.000211704,63.467301,63.467308
1.299,3971.89466,0.832474246,0.000211776,63.488719,63.488725
1.302,3978.051388,0.83377831,0.000211847,63.510181,63.510188
1.305,3984.198018,0.835080676,0.000211919,63.531688,63.531695
1.308,3990.334573,0.836381349,0.000211991,63.55324,63.553247
1.311,3996.461077,0.837680331,0.000212063,63.574836,63.574843
1.314,4002.577553,0.838977629,0.000212135,63.596475,63.596482
1.317,4008.684024,0.840273245,0.000212207,63.618159,63.618166
1.32,4014.780513,0.841567186,0.00021228,63.639885,63.639892
1.323,4020.867043,0.842859454,0.000212352,63.661654,63.661661
1.326,4026.943638,0.844150054,0.000212425,63.683465,63.683473
1.329,4033.010321,0.845438991,0.000212498,63.705319,63.705327
1.332,4039.067113,0.846726268,0.000212571,63.727215,63.727222
1.335,4045.11404,0.848011891,0.000212644,63.749153,63.74916
1.338,4051.151122,0.849295863,0.000212718,63.771132,63.771139
1.341,4057.178383,0.850578189,0.000212791,63.793152,63.793159
1.344,4063.195845,0.851858872,0.000212865,63.815212,63.81522
1.347,4069.203532,0.853137917,0.000212938,63.837314,63.837321
1.35,4075.201466,0.854415328,0.000213012,63.859455,63.859462
1.353,4081.189669,0.85569111,0.000213086,63.881636,63.881644
1.356,4087.168165,0.856965266,0.00021316,63.903857,63.903865
1.359,4093.136974,0.8582378,0.000213235,63.926118,63.926125
1.362,4099.096121,0.859508718,0.000213309,63.948417,63.948425
1.365,4105.045627,0.860778022,0.000213383,63.970756,63.970763
1.368,4110.985514,0.862045717,0.000213458,63.993132,63.99314
1.371,4116.915805,0.863311807,0.000213533,64.015547,64.015555
1.374,4122.836522,0.864576296,0.000213608,64.038,64.038008
1.377,4128.747687,0.865839188,0.000213683,64.060491,64.060499
1.38,4134.649322,0.867100488,0.000213758,64.083019,64.083027
1.383,4140.54145,0.868360198,0.000213833,64.105585,64.105592
1.386,4146.424091,0.869618324,0.000213909,64.128187,64.128194
1.389,4152.297269,0.870874868,0.000213984,64.150826,64.150833
1.392,4158.161005,0.872129836,0.00021406,64.173501,64.173509
1.395,4164.01532,0.873383231,0.000214136,64.196212,64.19622
1.398,4169.860238,0.874635057,0.000214211,64.218959,64.218967
1.401,4175.695778,0.875885317,0.000214287,64.241742,64.24175
1.404,4181.521964,0.877134017,0.000214363,64.26456,64.264568
1.407,4187.338816,0.878381159,0.00021444,64.287414,64.287422
1.41,4193.146356,0.879626748,0.000214516,64.310302,64.31031
1.413,4198.944606,0.880870787,0.000214593,64.333225,64.333232
1.416,4204.733587,0.88211328,0.000214669,64.356182,64.35619
1.419,4210.51332,0.883354232,0.000214746,64.379173,64.379181
1.422,4216.283828,0.884593645,0.000214823,64.402198,64.402206
1.425,4222.04513,0.885831524,0.0002149,64.425256,64.425264
1.428,4227.797249,0.887067873,0.000214977,64.448348,64.448356
1.431,4233.540206,0.888302695,0.000215054,64.471473,64.471481
1.434,4239.274021,0.889535995,0.000215131,64.494631,64.494639
1.437,4244.998716,0.890767775,0.000215208,64.517822,64.51783
1.44,4250.714312,0.891998039,0.000215286,64.541045,64.541053
1.443,4256.420829,0.893226792,0.000215363,64.5643,64.564308
1.446,4262.11829,0.894454037,0.000215441,64.587587,64.587596
1.449,4267.806714,0.895679778,0.000215519,64.610906,64.610914
1.452,4273.486123,0.896904018,0.000215597,64.634257,64.634265
1.455,4279.156537,0.898126761,0.000215675,64.657638,64.657646
1.458,4284.817977,0.899348011,0.000215753,64.681051,64.681059
1.461,4290.470463,0.900567771,0.000215831,64.704494,64.704503
1.464,4296.114017,0.901786046,0.000215909,64.727968,64.727977
1.467,4301.748658,0.903002838,0.000215988,64.751473,64.751481
1.47,4307.374408,0.904218151,0.000216066,64.775007,64.775015
1.473,4312.991287,0.905431989,0.000216145,64.798571,64.79858
1.476,4318.599315,0.906644355,0.000216223,64.822166,64.822174
1.479,4324.198513,0.907855253,0.000216302,64.845789,64.845798
1.482,4329.7889,0.909064687,0.000216381,64.869442,64.86945
1.485,4335.370498,0.91027266,0.00021646,64.893124,64.893132
1.488,4340.943326,0.911479175,0.000216539,64.916834,64.916843
1.491,4346.507405,0.912684236,0.000216618,64.940574,64.940582
1.494,4352.062754,0.913887847,0.000216698,64.964342,64.96435
1.497,4357.609394,0.915090011,0.000216777,64.988137,64.988146
1.5,4363.147344,0.916290732,0.000216857,65.011961,65.01197
1.503,4368.676626,0.917490012,0.000216936,65.035813,65.035822
1.506,4374.197257,0.918687856,0.000217016,65.059692,65.059701
1.509,4379.70926,0.919884267,0.000217096,65.083599,65.083608
1.512,4385.212652,0.921079249,0.000217175,65.107533,65.107542
1.515,4390.707455,0.922272804,0.000217255,65.131494,65.131503
1.518,4396.193687,0.923464936,0.000217335,65.155481,65.15549
1.521,4401.671368,0.924655648,0.000217415,65.179496,65.179504
1.524,4407.140518,0.925844945,0.000217496,65.203536,65.203545
1.527,4412.601157,0.927032828,0.000217576,65.227603,65.227612
1.53,4418.053304,0.928219303,0.000217656,65.251696,65.251705
1.533,4423.496978,0.929404371,0.000217737,65.275814,65.275823
1.536,4428.932199,0.930588037,0.000217817,65.299958,65.299967
1.539,4434.358986,0.931770303,0.000217898,65.324128,65.324137
1.542,4439.777359,0.932951173,0.000217979,65.348323,65.348332
1.545,4445.187336,0.93413065,0.000218059,65.372543,65.372551
1.548,4450.588938,0.935308738,0.00021814,65.396787,65.396796
1.551,4455.982182,0.936485439,0.000218221,65.421056,65.421065
1.554,4461.367089,0.937660758,0.000218302,65.44535,65.445359
1.557,4466.743677,0.938834696,0.000218383,65.469668,65.469677
1.56,4472.111965,0.940007258,0.000218465,65.494011,65.49402
1.563,4477.471972,0.941178447,0.000218546,65.518377,65.518386
1.566,4482.823718,0.942348266,0.000218627,65.542767,65.542776
1.569,4488.16722,0.943516718,0.000218709,65.56718,65.567189
1.572,4493.502498,0.944683806,0.00021879,65.591617,65.591626
1.575,4498.829571,0.945849534,0.000218872,65.616077,65.616086
1.578,4504.148457,0.947013905,0.000218953,65.64056,65.640569
1.581,4509.459175,0.948176921,0.000219035,65.665066,65.665075
1.584,4514.761743,0.949338586,0.000219117,65.689595,65.689604
1.587,4520.056181,0.950498903,0.000219199,65.714146,65.714155
1.59,4525.342506,0.951657876,0.000219281,65.738719,65.738728
1.593,4530.620737,0.952815507,0.000219363,65.763315,65.763324
1.596,4535.890893,0.953971799,0.000219445,65.787933,65.787942
1.599,4541.152992,0.955126756,0.000219527,65.812572,65.812581
1.602,4546.407052,0.95628038,0.000219609,65.837233,65.837242
1.605,4551.653091,0.957432675,0.000219692,65.861916,65.861925
1.608,4556.891128,0.958583644,0.000219774,65.88662,65.886629
1.611,4562.121181,0.95973329,0.000219857,65.911345,65.911354
1.614,4567.343269,0.960881615,0.000219939,65.936091,65.936101
1.617,4572.557408,0.962028624,0.000220022,65.960858,65.960868
1.62,4577.763617,0.963174318,0.000220104,65.985646,65.985655
1.623,4582.961915,0.964318701,0.000220187,66.010454,66.010464
1.626,4588.152318,0.965461776,0.00022027,66.035283,66.035292
1.629,4593.334846,0.966603546,0.000220353,66.060132,66.060141
1.632,4598.509515,0.967744013,0.000220436,66.085001,66.08501
1.635,4603.676345,0.968883182,0.000220519,66.109889,66.109899
1.638,4608.835351,0.970021054,0.000220602,66.134798,66.134807
1.641,4613.986553,0.971157633,0.000220685,66.159726,66.159735
1.644,4619.129968,0.972292922,0.000220768,66.184674,66.184683
1.647,4624.265613,0.973426923,0.000220852,66.20964,66.20965
1.65,4629.393506,0.97455964,0.000220935,66.234626,66.234636
1.653,4634.513664,0.975691075,0.000221018,66.259631,66.259641
1.656,4639.626106,0.976821232,0.000221102,66.284655,66.284664
1.659,4644.730847,0.977950112,0.000221185,66.309697,66.309707
1.662,4649.827907,0.97907772,0.000221269,66.334758,66.334768
1.665,4654.917302,0.980204058,0.000221353,66.359838,66.359847
1.668,4659.99905,0.981329128,0.000221436,66.384935,66.384945
1.671,4665.073167,0.982452934,0.00022152,66.410051,66.410061
1.674,4670.139671,0.983575479,0.000221604,66.435185,66.435194
1.677,4675.198579,0.984696765,0.000221688,66.460336,66.460346
1.68,4680.249908,0.985816795,0.000221772,66.485505,66.485515
1.683,4685.293676,0.986935571,0.000221856,66.510692,66.510702
1.686,4690.329898,0.988053098,0.00022194,66.535896,66.535906
1.689,4695.358594,0.989169377,0.000222024,66.561117,66.561127
1.692,4700.379778,0.990284412,0.000222108,66.586356,66.586365
1.695,4705.393468,0.991398204,0.000222192,66.611611,66.611621
1.698,4710.399682,0.992510758,0.000222277,66.636883,66.636893
1.701,4715.398435,0.993622075,0.000222361,66.662172,66.662182
1.704,4720.389744,0.994732158,0.000222445,66.687478,66.687487
1.707,4725.373627,0.995841011,0.00022253,66.7128,66.712809
1.71,4730.350099,0.996948635,0.000222614,66.738138,66.738147
1.713,4735.319179,0.998055034,0.000222699,66.763492,66.763502
1.716,4740.280881,0.99916021,0.000222784,66.788863,66.788872
1.719,4745.235222,1.000264166,0.000222868,66.814249,66.814258
1.722,4750.18222,1.001366904,0.000222953,66.839651,66.83966
1.725,4755.121891,1.002468428,0.000223038,66.865069,66.865078
1.728,4760.05425,1.00356874,0.000223123,66.890502,66.890511
1.731,4764.979314,1.004667842,0.000223208,66.91595,66.91596
1.734,4769.897101,1.005765738,0.000223293,66.941414,66.941424
1.737,4774.807625,1.00686243,0.000223378,66.966893,66.966903
1.74,4779.710903,1.00795792,0.000223463,66.992387,66.992397
1.743,4784.606951,1.009052212,0.000223548,67.017896,67.017906
1.746,4789.495786,1.010145307,0.000223633,67.04342,67.043429
1.749,4794.377424,1.011237209,0.000223718,67.068958,67.068967
1.752,4799.25188,1.01232792,0.000223803,67.09451,67.09452
1.755,4804.11917,1.013417443,0.000223888,67.120078,67.120087
1.758,4808.979311,1.014505779,0.000223974,67.145659,67.145669
1.761,4813.832319,1.015592933,0.000224059,67.171255,67.171264
1.764,4818.678209,1.016678906,0.000224145,67.196864,67.196874
1.767,4823.516997,1.017763701,0.00022423,67.222488,67.222497
1.77,4828.3487,1.01884732,0.000224316,67.248125,67.248135
1.773,4833.173332,1.019929767,0.000224401,67.273776,67.273785
1.776,4837.990909,1.021011043,0.000224487,67.29944,67.29945
1.779,4842.801448,1.022091151,0.000224572,67.325118,67.325128
1.782,4847.604964,1.023170094,0.000224658,67.350809,67.350819
1.785,4852.401472,1.024247873,0.000224744,67.376514,67.376524
1.788,4857.190988,1.025324493,0.00022483,67.402231,67.402241
1.791,4861.973527,1.026399955,0.000224915,67.427962,67.427972
1.794,4866.749105,1.027474261,0.000225001,67.453705,67.453715
1.797,4871.517738,1.028547414,0.000225087,67.479462,67.479471
1.8,4876.27944,1.029619417,0.000225173,67.50523,67.50524
1.803,4881.034228,1.030690272,0.000225259,67.531012,67.531021
1.806,4885.782115,1.031759982,0.000225345,67.556805,67.556815
1.809,4890.523119,1.032828548,0.000225431,67.582612,67.582621
1.812,4895.257253,1.033895974,0.000225517,67.60843,67.60844
1.815,4899.984533,1.034962262,0.000225604,67.63426,67.63427
1.818,4904.704975,1.036027413,0.00022569,67.660103,67.660112
1.821,4909.418593,1.037091432,0.000225776,67.685957,67.685967
1.824,4914.125402,1.03815432,0.000225862,67.711823,67.711833
1.827,4918.825417,1.039216079,0.000225949,67.737701,67.737711
1.83,4923.518654,1.040276712,0.000226035,67.76359,67.7636
1.833,4928.205127,1.041336221,0.000226121,67.789491,67.789501
1.836,4932.884851,1.042394609,0.000226208,67.815403,67.815413
1.839,4937.557841,1.043451877,0.000226294,67.841326,67.841336
1.842,4942.224112,1.04450803,0.000226381,67.867261,67.867271
1.845,4946.883678,1.045563068,0.000226467,67.893207,67.893217
1.848,4951.536555,1.046616994,0.000226554,67.919163,67.919173
1.851,4956.182757,1.04766981,0.000226641,67.945131,67.945141
1.854,4960.822298,1.048721519,0.000226727,67.971109,67.971119
1.857,4965.455194,1.049772123,0.000226814,67.997098,67.997108
1.86,4970.081459,1.050821625,0.000226901,68.023097,68.023107
1.863,4974.701107,1.051870026,0.000226987,68.049107,68.049117
1.866,4979.314153,1.052917329,0.000227074,68.075128,68.075137
1.869,4983.920611,1.053963537,0.000227161,68.101158,68.101168
1.872,4988.520497,1.055008651,0.000227248,68.127199,68.127209
1.875,4993.113823,1.056052674,0.000227335,68.15325,68.15326
1.878,4997.700605,1.057095608,0.000227422,68.17931,68.17932
1.881,5002.280857,1.058137456,0.000227509,68.205381,68.205391
1.884,5006.854593,1.059178219,0.000227596,68.231462,68.231472
1.887,5011.421827,1.060217901,0.000227683,68.257552,68.257562
1.89,5015.982574,1.061256502,0.00022777,68.283652,68.283662
1.893,5020.536848,1.062294026,0.000227857,68.309761,68.309771
1.896,5025.084662,1.063330475,0.000227944,68.33588,68.33589
1.899,5029.626031,1.06436585,0.000228031,68.362008,68.362018
1.902,5034.16097,1.065400154,0.000228118,68.388145,68.388155
1.905,5038.689491,1.06643339,0.000228206,68.414292,68.414302
1.908,5043.211609,1.06746556,0.000228293,68.440447,68.440457
1.911,5047.727338,1.068496665,0.00022838,68.466612,68.466622
1.914,5052.236691,1.069526708,0.000228467,68.492785,68.492795
1.917,5056.739684,1.070555691,0.000228555,68.518968,68.518977
1.92,5061.236328,1.071583616,0.000228642,68.545159,68.545168
1.923,5065.726639,1.072610486,0.000228729,68.571358,68.571368
1.926,5070.21063,1.073636303,0.000228817,68.597566,68.597576
1.929,5074.688314,1.074661068,0.000228904,68.623783,68.623793
1.932,5079.159706,1.075684784,0.000228992,68.650008,68.650018
1.935,5083.624818,1.076707453,0.000229079,68.676241,68.676251
1.938,5088.083665,1.077729078,0.000229167,68.702483,68.702493
1.941,5092.53626,1.07874966,0.000229254,68.728732,68.728742
1.944,5096.982617,1.079769201,0.000229342,68.75499,68.755
1.947,5101.422749,1.080787704,0.00022943,68.781256,68.781265
1.95,5105.85667,1.08180517,0.000229517,68.807529,68.807539
1.953,5110.284392,1.082821603,0.000229605,68.83381,68.83382
1.956,5114.70593,1.083837003,0.000229693,68.860099,68.860109
1.959,5119.121296,1.084851373,0.00022978,68.886396,68.886406
1.962,5123.530504,1.085864716,0.000229868,68.9127,68.91271
1.965,5127.933568,1.086877032,0.000229956,68.939012,68.939022
1.968,5132.3305,1.087888325,0.000230044,68.965331,68.965341
1.971,5136.721314,1.088898596,0.000230131,68.991657,68.991667
1.974,5141.106023,1.089907848,0.000230219,69.017991,69.018001
1.977,5145.48464,1.090916082,0.000230307,69.044332,69.044341
1.98,5149.857177,1.091923301,0.000230395,69.070679,69.070689
1.983,5154.223649,1.092929506,0.000230483,69.097034,69.097044
1.986,5158.584068,1.093934699,0.000230571,69.123396,69.123406
1.989,5162.938448,1.094938883,0.000230659,69.149765,69.149775
1.992,5167.2868,1.09594206,0.000230747,69.17614,69.17615
1.995,5171.629139,1.096944232,0.000230835,69.202522,69.202532
1.998,5175.965476,1.0979454,0.000230923,69.228911,69.228921
2.001,5180.295825,1.098945566,0.000231011,69.255306,69.255316
2.004,5184.620199,1.099944734,0.000231099,69.281708,69.281718
2.007,5188.93861,1.100942904,0.000231187,69.308116,69.308126
2.01,5193.251071,1.101940079,0.000231275,69.334531,69.334541
2.013,5197.557595,1.10293626,0.000231363,69.360951,69.360961
2.016,5201.858194,1.10393145,0.000231451,69.387378,69.387388
2.019,5206.152882,1.104925651,0.00023154,69.413812,69.413821
2.022,5210.441671,1.105918864,0.000231628,69.440251,69.440261
2.025,5214.724572,1.106911091,0.000231716,69.466696,69.466706
2.028,5219.0016,1.107902336,0.000231804,69.493147,69.493157
2.031,5223.272766,1.108892598,0.000231892,69.519604,69.519614
2.034,5227.538083,1.109881881,0.000231981,69.546066,69.546076
2.037,5231.797563,1.110870186,0.000232069,69.572535,69.572545
2.04,5236.05122,1.111857515,0.000232157,69.599009,69.599019
2.043,5240.299064,1.112843871,0.000232246,69.625488,69.625498
2.046,5244.541108,1.113829254,0.000232334,69.651973,69.651983
2.049,5248.777366,1.114813668,0.000232422,69.678464,69.678474
2.052,5253.007848,1.115797113,0.000232511,69.70496,69.70497
2.055,5257.232568,1.116779593,0.000232599,69.731461,69.731471
2.058,5261.451537,1.117761108,0.000232688,69.757967,69.757977
2.061,5265.664768,1.11874166,0.000232776,69.784479,69.784489
2.064,5269.872273,1.119721252,0.000232864,69.810995,69.811005
2.067,5274.074064,1.120699885,0.000232953,69.837517,69.837527
2.07,5278.270152,1.121677562,0.000233041,69.864044,69.864054
2.073,5282.460551,1.122654283,0.00023313,69.890575,69.890585
2.076,5286.645272,1.123630052,0.000233218,69.917112,69.917121
2.079,5290.824327,1.124604869,0.000233307,69.943653,69.943663
2.082,5294.997728,1.125578737,0.000233395,69.970199,69.970208
2.085,5299.165487,1.126551657,0.000233484,69.996749,69.996759
2.088,5303.327616,1.127523632,0.000233573,70.023304,70.023314
2.091,5307.484127,1.128494663,0.000233661,70.049864,70.049874
2.094,5311.635031,1.129464752,0.00023375,70.076428,70.076438
2.097,5315.780341,1.130433901,0.000233838,70.102997,70.103006
2.1,5319.920067,1.131402111,0.000233927,70.129569,70.129579
2.103,5324.054223,1.132369385,0.000234016,70.156147,70.156156
2.106,5328.182819,1.133335725,0.000234104,70.182728,70.182738
2.109,5332.305867,1.134301131,0.000234193,70.209313,70.209323
2.112,5336.423379,1.135265606,0.000234282,70.235903,70.235913
2.115,5340.535367,1.136229152,0.00023437,70.262497,70.262507
2.118,5344.641842,1.137191771,0.000234459,70.289094,70.289104
2.121,5348.742815,1.138153463,0.000234548,70.315696,70.315706
2.124,5352.838298,1.139114232,0.000234637,70.342302,70.342311
2.127,5356.928303,1.140074078,0.000234725,70.368911,70.368921
2.13,5361.012842,1.141033005,0.000234814,70.395524,70.395534
2.133,5365.091924,1.141991012,0.000234903,70.422141,70.422151
2.136,5369.165562,1.142948102,0.000234992,70.448761,70.448771
2.139,5373.233768,1.143904278,0.000235081,70.475385,70.475395
2.142,5377.296552,1.14485954,0.000235169,70.502013,70.502023
2.145,5381.353926,1.14581389,0.000235258,70.528644,70.528654
2.148,5385.405902,1.146767331,0.000235347,70.555278,70.555288
2.151,5389.452489,1.147719863,0.000235436,70.581916,70.581926
2.154,5393.493701,1.148671489,0.000235525,70.608557,70.608567
2.157,5397.529547,1.14962221,0.000235614,70.635201,70.635211
2.16,5401.560039,1.150572028,0.000235703,70.661849,70.661859
2.163,5405.585188,1.151520944,0.000235791,70.6885,70.688509
2.166,5409.605005,1.152468961,0.00023588,70.715153,70.715163
2.169,5413.619502,1.153416081,0.000235969,70.74181,70.74182
2.172,5417.628689,1.154362304,0.000236058,70.76847,70.76848
2.175,5421.632577,1.155307632,0.000236147,70.795133,70.795143
2.178,5425.631177,1.156252068,0.000236236,70.821799,70.821808
2.181,5429.624501,1.157195613,0.000236325,70.848467,70.848477
2.184,5433.612559,1.158138268,0.000236414,70.875138,70.875148
2.187,5437.595361,1.159080035,0.000236503,70.901812,70.901822
2.19,5441.57292,1.160020917,0.000236592,70.928489,70.928499
2.193,5445.545245,1.160960914,0.000236681,70.955168,70.955178
2.196,5449.512348,1.161900028,0.00023677,70.98185,70.98186
2.199,5453.47424,1.162838261,0.000236859,71.008535,71.008545
2.202,5457.43093,1.163775615,0.000236948,71.035222,71.035232
2.205,5461.38243,1.16471209,0.000237037,71.061911,71.061921
2.208,5465.328751,1.16564769,0.000237126,71.088603,71.088613
2.211,5469.269902,1.166582415,0.000237215,71.115297,71.115307
2.214,5473.205896,1.167516267,0.000237304,71.141993,71.142003
2.217,5477.136742,1.168449248,0.000237393,71.168692,71.168702
2.22,5481.062451,1.16938136,0.000237482,71.195393,71.195402
2.223,5484.983033,1.170312603,0.000237571,71.222096,71.222105
2.226,5488.898499,1.17124298,0.00023766,71.248801,71.24881
2.229,5492.80886,1.172172492,0.00023775,71.275508,71.275517
2.232,5496.714126,1.173101141,0.000237839,71.302217,71.302226
2.235,5500.614308,1.174028928,0.000237928,71.328928,71.328937
2.238,5504.509415,1.174955855,0.000238017,71.355641,71.35565
2.241,5508.399459,1.175881924,0.000238106,71.382355,71.382365
2.244,5512.284449,1.176807136,0.000238195,71.409072,71.409082
2.247,5516.164396,1.177731493,0.000238284,71.43579,71.4358
2.25,5520.03931,1.178654996,0.000238373,71.46251,71.46252
2.253,5523.909202,1.179577647,0.000238462,71.489232,71.489242
2.256,5527.774082,1.180499448,0.000238552,71.515956,71.515965
2.259,5531.633959,1.1814204,0.000238641,71.542681,71.54269
2.262,5535.488845,1.182340504,0.00023873,71.569407,71.569417
2.265,5539.338749,1.183259763,0.000238819,71.596135,71.596145
2.268,5543.183682,1.184178177,0.000238908,71.622865,71.622874
2.271,5547.023653,1.185095749,0.000238997,71.649596,71.649605
2.274,5550.858673,1.186012479,0.000239086,71.676328,71.676338
2.277,5554.688752,1.18692837,0.000239176,71.703062,71.703071
2.28,5558.5139,1.187843422,0.000239265,71.729797,71.729806
2.283,5562.334126,1.188757639,0.000239354,71.756533,71.756542
2.286,5566.149441,1.18967102,0.000239443,71.78327,71.78328
2.289,5569.959855,1.190583567,0.000239532,71.810009,71.810018
2.292,5573.765378,1.191495283,0.000239622,71.836748,71.836758
2.295,5577.566019,1.192406168,0.000239711,71.863489,71.863499
2.298,5581.361789,1.193316224,0.0002398,71.890231,71.89024
2.301,5585.152697,1.194225453,0.000239889,71.916973,71.916983
2.304,5588.938753,1.195133856,0.000239978,71.943717,71.943727
2.307,5592.719968,1.196041434,0.000240068,71.970462,71.970471
2.31,5596.49635,1.196948189,0.000240157,71.997207,71.997217
2.313,5600.267909,1.197854123,0.000240246,72.023954,72.023963
2.316,5604.034656,1.198759237,0.000240335,72.050701,72.05071
2.319,5607.7966,1.199663533,0.000240424,72.077449,72.077458
2.322,5611.55375,1.200567011,0.000240514,72.104197,72.104207
2.325,5615.306117,1.201469674,0.000240603,72.130947,72.130956
2.328,5619.053709,1.202371523,0.000240692,72.157696,72.157706
2.331,5622.796537,1.203272559,0.000240781,72.184447,72.184457
2.334,5626.53461,1.204172784,0.000240871,72.211198,72.211208
2.337,5630.267938,1.2050722,0.00024096,72.23795,72.237959
2.34,5633.99653,1.205970807,0.000241049,72.264702,72.264711
2.343,5637.720395,1.206868607,0.000241138,72.291454,72.291464
2.346,5641.439544,1.207765603,0.000241228,72.318207,72.318217
2.349,5645.153985,1.208661794,0.000241317,72.344961,72.34497
2.352,5648.863728,1.209557183,0.000241406,72.371714,72.371724
2.355,5652.568782,1.21045177,0.000241495,72.398468,72.398478
2.358,5656.269158,1.211345559,0.000241585,72.425223,72.425232
2.361,5659.964863,1.212238549,0.000241674,72.451977,72.451987
2.364,5663.655908,1.213130742,0.000241763,72.478732,72.478741
2.367,5667.342301,1.21402214,0.000241852,72.505486,72.505496
2.37,5671.024053,1.214912744,0.000241942,72.532241,72.532251
2.373,5674.701172,1.215802556,0.000242031,72.558996,72.559006
2.376,5678.373668,1.216691577,0.00024212,72.585751,72.585761
2.379,5682.041549,1.217579808,0.000242209,72.612507,72.612516
2.382,5685.704825,1.21846725,0.000242298,72.639262,72.639271
2.385,5689.363505,1.219353906,0.000242388,72.666017,72.666026
2.388,5693.017599,1.220239777,0.000242477,72.692772,72.692781
2.391,5696.667115,1.221124863,0.000242566,72.719526,72.719536
2.394,5700.312062,1.222009167,0.000242655,72.746281,72.746291
2.397,5703.95245,1.222892689,0.000242745,72.773035,72.773045
2.4,5707.588287,1.223775432,0.000242834,72.79979,72.799799
2.403,5711.219583,1.224657396,0.000242923,72.826544,72.826553
2.406,5714.846347,1.225538582,0.000243012,72.853297,72.853307
2.409,5718.468587,1.226418993,0.000243102,72.880051,72.88006
2.412,5722.086312,1.22729863,0.000243191,72.906804,72.906813
2.415,5725.699532,1.228177493,0.00024328,72.933556,72.933566
2.418,5729.308255,1.229055585,0.000243369,72.960308,72.960318
2.421,5732.912491,1.229932906,0.000243459,72.98706,72.98707
2.424,5736.512247,1.230809458,0.000243548,73.013811,73.013821
2.427,5740.107534,1.231685243,0.000243637,73.040562,73.040572
2.43,5743.698359,1.232560261,0.000243726,73.067312,73.067322
2.433,5747.284731,1.233434514,0.000243816,73.094062,73.094071
2.436,5750.86666,1.234308004,0.000243905,73.120811,73.12082
2.439,5754.444154,1.235180731,0.000243994,73.147559,73.147569
2.442,5758.017222,1.236052698,0.000244083,73.174307,73.174316
2.445,5761.585872,1.236923904,0.000244172,73.201054,73.201063
2.448,5765.150113,1.237794353,0.000244262,73.2278,73.227809
2.451,5768.709954,1.238664044,0.000244351,73.254545,73.254555
2.454,5772.265403,1.23953298,0.00024444,73.28129,73.2813
2.457,5775.81647,1.240401161,0.000244529,73.308034,73.308043
2.46,5779.363162,1.241268589,0.000244618,73.334777,73.334786
2.463,5782.905488,1.242135265,0.000244708,73.361519,73.361528
2.466,5786.443457,1.243001191,0.000244797,73.38826,73.38827
2.469,5789.977077,1.243866368,0.000244886,73.415,73.41501
2.472,5793.506356,1.244730797,0.000244975,73.44174,73.441749
2.475,5797.031305,1.245594479,0.000245064,73.468478,73.468487
2.478,5800.551929,1.246457416,0.000245154,73.495215,73.495224
2.481,5804.068239,1.247319609,0.000245243,73.521951,73.521961
2.484,5807.580243,1.248181059,0.000245332,73.548686,73.548696
2.487,5811.087948,1.249041768,0.000245421,73.57542,73.57543
2.49,5814.591363,1.249901736,0.00024551,73.602153,73.602162
2.493,5818.090498,1.250760966,0.0002456,73.628885,73.628894
2.496,5821.585359,1.251619458,0.000245689,73.655615,73.655624
2.499,5825.075955,1.252477213,0.000245778,73.682344,73.682354
2.502,5828.562296,1.253334234,0.000245867,73.709072,73.709082
2.505,5832.044388,1.25419052,0.000245956,73.735799,73.735808
2.508,5835.52224,1.255046075,0.000246045,73.762524,73.762534
2.511,5838.99586,1.255900897,0.000246134,73.789248,73.789258
2.514,5842.465257,1.25675499,0.000246224,73.815971,73.81598
2.517,5845.930438,1.257608353,0.000246313,73.842692,73.842701
2.52,5849.391413,1.25846099,0.000246402,73.869412,73.869421
2.523,5852.848188,1.259312899,0.000246491,73.89613,73.89614
2.526,5856.300773,1.260164084,0.00024658,73.922847,73.922856
2.529,5859.749174,1.261014545,0.000246669,73.949563,73.949572
2.532,5863.193401,1.261864283,0.000246758,73.976276,73.976286
2.535,5866.633462,1.262713299,0.000246847,74.002989,74.002998
2.538,5870.069363,1.263561596,0.000246936,74.0297,74.029709
2.541,5873.501114,1.264409173,0.000247026,74.056409,74.056418
2.544,5876.928723,1.265256033,0.000247115,74.083116,74.083126
2.547,5880.352197,1.266102176,0.000247204,74.109822,74.109831
2.55,5883.771544,1.266947603,0.000247293,74.136526,74.136536
2.553,5887.186773,1.267792317,0.000247382,74.163229,74.163238
2.556,5890.59789,1.268636318,0.000247471,74.18993,74.189939
2.559,5894.004905,1.269479607,0.00024756,74.216629,74.216638
2.562,5897.407825,1.270322185,0.000247649,74.243326,74.243335
2.565,5900.806658,1.271164054,0.000247738,74.270022,74.270031
2.568,5904.201411,1.272005215,0.000247827,74.296715,74.296724
2.571,5907.592093,1.272845669,0.000247916,74.323407,74.323416
2.574,5910.978711,1.273685417,0.000248005,74.350097,74.350106
2.577,5914.361273,1.27452446,0.000248094,74.376785,74.376794
2.58,5917.739786,1.2753628,0.000248183,74.403471,74.40348
2.583,5921.11426,1.276200438,0.000248272,74.430155,74.430165
2.586,5924.4847,1.277037375,0.000248361,74.456838,74.456847
2.589,5927.851116,1.277873612,0.00024845,74.483518,74.483527
2.592,5931.213514,1.27870915,0.000248539,74.510196,74.510205
2.595,5934.571903,1.279543991,0.000248628,74.536872,74.536881
2.598,5937.926289,1.280378136,0.000248717,74.563546,74.563556
2.601,5941.276681,1.281211585,0.000248806,74.590218,74.590228
2.604,5944.623086,1.28204434,0.000248895,74.616888,74.616898
2.607,5947.965512,1.282876402,0.000248984,74.643556,74.643565
2.61,5951.303966,1.283707772,0.000249073,74.670222,74.670231
2.613,5954.638456,1.284538452,0.000249162,74.696886,74.696895
2.616,5957.96899,1.285368443,0.000249251,74.723547,74.723556
2.619,5961.295574,1.286197745,0.00024934,74.750206,74.750215
2.622,5964.618217,1.287026359,0.000249429,74.776863,74.776872
2.625,5967.936926,1.287854288,0.000249518,74.803518,74.803527
2.628,5971.251708,1.288681532,0.000249607,74.83017,74.830179
2.631,5974.56257,1.289508092,0.000249695,74.85682,74.856829
2.634,5977.869521,1.29033397,0.000249784,74.883468,74.883477
2.637,5981.172567,1.291159166,0.000249873,74.910113,74.910122
2.64,5984.471717,1.291983682,0.000249962,74.936756,74.936765
2.643,5987.766976,1.292807518,0.000250051,74.963397,74.963406
2.646,5991.058353,1.293630676,0.00025014,74.990035,74.990044
2.649,5994.345855,1.294453157,0.000250229,75.016671,75.01668
2.652,5997.62949,1.295274963,0.000250318,75.043305,75.043314
2.655,6000.909264,1.296096093,0.000250406,75.069936,75.069945
2.658,6004.185185,1.29691655,0.000250495,75.096564,75.096573
2.661,6007.457259,1.297736334,0.000250584,75.12319,75.123199
2.664,6010.725495,1.298555447,0.000250673,75.149814,75.149823
2.667,6013.9899,1.299373889,0.000250762,75.176435,75.176444
2.67,6017.25048,1.300191662,0.00025085,75.203053,75.203062
2.673,6020.507243,1.301008767,0.000250939,75.229669,75.229678
2.676,6023.760196,1.301825204,0.000251028,75.256282,75.256291
2.679,6027.009347,1.302640976,0.000251117,75.282892,75.282901
2.682,6030.254701,1.303456083,0.000251205,75.3095,75.309509
2.685,6033.496268,1.304270526,0.000251294,75.336106,75.336115
2.688,6036.734052,1.305084306,0.000251383,75.362708,75.362717
2.691,6039.968062,1.305897424,0.000251472,75.389308,75.389317
2.694,6043.198305,1.306709882,0.00025156,75.415905,75.415914
2.697,6046.424787,1.30752168,0.000251649,75.4425,75.442509
2.7,6049.647516,1.30833282,0.000251738,75.469092,75.469101
2.703,6052.866499,1.309143302,0.000251826,75.495681,75.495689
2.706,6056.081743,1.309953128,0.000251915,75.522267,75.522276
2.709,6059.293254,1.310762299,0.000252004,75.54885,75.548859
2.712,6062.501039,1.311570815,0.000252093,75.575431,75.57544
2.715,6065.705106,1.312378678,0.000252181,75.602008,75.602017
2.718,6068.905462,1.313185889,0.00025227,75.628583,75.628592
2.721,6072.102113,1.313992449,0.000252358,75.655155,75.655164
2.724,6075.295066,1.314798359,0.000252447,75.681724,75.681733
2.727,6078.484328,1.31560362,0.000252536,75.70829,75.708299
2.73,6081.669906,1.316408234,0.000252624,75.734853,75.734862
2.733,6084.851807,1.3172122,0.000252713,75.761414,75.761423
2.736,6088.030037,1.31801552,0.000252801,75.787971,75.78798
2.739,6091.204604,1.318818196,0.00025289,75.814525,75.814534
2.742,6094.375514,1.319620228,0.000252979,75.841077,75.841086
2.745,6097.542774,1.320421617,0.000253067,75.867625,75.867634
2.748,6100.70639,1.321222364,0.000253156,75.89417,75.894179
2.751,6103.86637,1.322022471,0.000253244,75.920713,75.920721
2.754,6107.02272,1.322821938,0.000253333,75.947252,75.947261
2.757,6110.175446,1.323620767,0.000253421,75.973788,75.973797
2.76,6113.324557,1.324418957,0.00025351,76.000321,76.00033
2.763,6116.470057,1.325216512,0.000253598,76.026851,76.02686
2.766,6119.611954,1.32601343,0.000253687,76.053378,76.053386
2.769,6122.750255,1.326809714,0.000253775,76.079901,76.07991
2.772,6125.884965,1.327605365,0.000253864,76.106422,76.10643
2.775,6129.016092,1.328400383,0.000253952,76.132939,76.132948
2.778,6132.143643,1.329194769,0.000254041,76.159453,76.159462
2.781,6135.267623,1.329988525,0.000254129,76.185964,76.185973
2.784,6138.388039,1.330781651,0.000254217,76.212471,76.21248
2.787,6141.504899,1.331574149,0.000254306,76.238976,76.238985
2.79,6144.618208,1.332366019,0.000254394,76.265477,76.265486
2.793,6147.727972,1.333157263,0.000254483,76.291975,76.291984
2.796,6150.834199,1.333947881,0.000254571,76.31847,76.318478
2.799,6153.936895,1.334737874,0.000254659,76.344961,76.34497
2.802,6157.036067,1.335527244,0.000254748,76.371449,76.371458
2.805,6160.13172,1.336315991,0.000254836,76.397933,76.397942
2.808,6163.223861,1.337104117,0.000254924,76.424415,76.424424
2.811,6166.312496,1.337891622,0.000255013,76.450893,76.450901
2.814,6169.397633,1.338678507,0.000255101,76.477367,76.477376
2.817,6172.479277,1.339464774,0.000255189,76.503838,76.503847
2.82,6175.557435,1.340250423,0.000255278,76.530306,76.530315
2.823,6178.632113,1.341035455,0.000255366,76.556771,76.556779
2.826,6181.703317,1.341819871,0.000255454,76.583232,76.58324
2.829,6184.771054,1.342603672,0.000255542,76.609689,76.609698
2.832,6187.83533,1.34338686,0.000255631,76.636143,76.636152
2.835,6190.896151,1.344169435,0.000255719,76.662594,76.662602
2.838,6193.953524,1.344951398,0.000255807,76.689041,76.689049
2.841,6197.007455,1.345732749,0.000255895,76.715484,76.715493
2.844,6200.057949,1.346513491,0.000255984,76.741924,76.741933
2.847,6203.105014,1.347293624,0.000256072,76.768361,76.768369
2.85,6206.148656,1.348073148,0.00025616,76.794794,76.794802
2.853,6209.18888,1.348852066,0.000256248,76.821223,76.821232
2.856,6212.225693,1.349630377,0.000256336,76.847649,76.847658
2.859,6215.259101,1.350408083,0.000256424,76.874071,76.87408
2.862,6218.289111,1.351185184,0.000256512,76.90049,76.900499
2.865,6221.315727,1.351961682,0.000256601,76.926905,76.926914
2.868,6224.338957,1.352737578,0.000256689,76.953316,76.953325
2.871,6227.358807,1.353512872,0.000256777,76.979724,76.979733
2.874,6230.375282,1.354287565,0.000256865,77.006128,77.006137
2.877,6233.388389,1.355061659,0.000256953,77.032529,77.032537
2.88,6236.398134,1.355835154,0.000257041,77.058926,77.058934
2.883,6239.404522,1.356608051,0.000257129,77.085319,77.085327
2.886,6242.407561,1.357380351,0.000257217,77.111708,77.111717
2.889,6245.407255,1.358152055,0.000257305,77.138094,77.138103
2.892,6248.403611,1.358923164,0.000257393,77.164476,77.164485
2.895,6251.396635,1.359693679,0.000257481,77.190854,77.190863
2.898,6254.386333,1.360463601,0.000257569,77.217229,77.217237
2.901,6257.372711,1.361232931,0.000257657,77.243599,77.243608
2.904,6260.355774,1.362001669,0.000257745,77.269966,77.269975
2.907,6263.335529,1.362769816,0.000257833,77.29633,77.296338
2.91,6266.311982,1.363537374,0.000257921,77.322689,77.322698
2.913,6269.285138,1.364304343,0.000258009,77.349045,77.349053
2.916,6272.255003,1.365070725,0.000258097,77.375396,77.375405
2.919,6275.221584,1.365836519,0.000258184,77.401744,77.401753
2.922,6278.184886,1.366601728,0.000258272,77.428088,77.428097
2.925,6281.144915,1.367366351,0.00025836,77.454429,77.454437
2.928,6284.101677,1.36813039,0.000258448,77.480765,77.480773
2.931,6287.055177,1.368893846,0.000258536,77.507097,77.507106
2.934,6290.005422,1.36965672,0.000258624,77.533426,77.533435
2.937,6292.952417,1.370419012,0.000258711,77.559751,77.559759
2.94,6295.896168,1.371180723,0.000258799,77.586072,77.58608
2.943,6298.836681,1.371941855,0.000258887,77.612388,77.612397
2.946,6301.773961,1.372702408,0.000258975,77.638701,77.63871
2.949,6304.708015,1.373462382,0.000259063,77.66501,77.665019
2.952,6307.638847,1.37422178,0.00025915,77.691315,77.691324
2.955,6310.566464,1.374980601,0.000259238,77.717616,77.717625
2.958,6313.490872,1.375738847,0.000259326,77.743913,77.743922
2.961,6316.412076,1.376496519,0.000259413,77.770207,77.770215
2.964,6319.330081,1.377253616,0.000259501,77.796496,77.796504
2.967,6322.244894,1.378010142,0.000259589,77.822781,77.822789
2.97,6325.15652,1.378766095,0.000259677,77.849062,77.84907
2.973,6328.064964,1.379521477,0.000259764,77.875339,77.875347
2.976,6330.970233,1.380276289,0.000259852,77.901612,77.90162
2.979,6333.872331,1.381030531,0.000259939,77.927881,77.927889
2.982,6336.771265,1.381784206,0.000260027,77.954146,77.954154
2.985,6339.66704,1.382537312,0.000260115,77.980406,77.980415
2.988,6342.559662,1.383289852,0.000260202,78.006663,78.006671
2.991,6345.449136,1.384041826,0.00026029,78.032916,78.032924
2.994,6348.335468,1.384793235,0.000260377,78.059164,78.059173
2.997,6351.218662,1.38554408,0.000260465,78.085409,78.085417
3.0,6354.098726,1.386294361,0.000260552,78.111637,78.111657
