name,z_lens,z_source,theta_E,D_A,D_A_err,survey,eta_obs,eta_err
SDSS J0037-0945,0.196,0.632,1.18,520.0,65.0,SLACS,1.252714037811601,0.15744101947374595
SDSS J0121-1000,0.213,0.889,1.05,545.0,68.0,SLACS,1.255939390821191,0.1575386258904789
SDSS J0152-1002,0.235,0.752,0.98,580.0,72.0,SLACS,1.2599538261469734,0.1573678697586922
SDSS J0201-0959,0.198,0.685,1.12,535.0,67.0,SLACS,1.223664039183086,0.15410203853594845
SDSS J0237-0941,0.245,0.715,1.25,595.0,74.0,SLACS,1.2722575760506665,0.15901949391913126
SDSS J0321-0913,0.152,0.528,0.95,485.0,61.0,SLACS,1.0591959297983455,0.1340045416182257
SDSS J0405-0858,0.221,0.621,1.08,560.0,70.0,SLACS,1.2554974364728546,0.157836066255043
SDSS J0439-0838,0.185,0.598,1.15,505.0,63.0,SLACS,1.2187371071683595,0.15276841033984154
SDSS J0505-0805,0.202,0.712,0.92,540.0,68.0,SLACS,1.2170504396270332,0.15404903897144354
SDSS J0538-0735,0.178,0.625,0.88,515.0,64.0,SLACS,1.1624784265146182,0.14506332259312138
SDSS J0601-0701,0.231,0.805,1.02,575.0,72.0,SLACS,1.2540788670397032,0.15798016266668458
SDSS J0636-0634,0.195,0.658,1.05,525.0,66.0,SLACS,1.232507056203145,0.15571960555151187
SDSS J0701-0558,0.208,0.738,0.95,550.0,69.0,SLACS,1.2126956104469515,0.15297443300483973
SDSS J0725-0518,0.187,0.594,0.98,510.0,64.0,SLACS,1.2180423429588985,0.15352618456975659
SDSS J0745-0500,0.214,0.782,1.18,555.0,69.0,SLACS,1.2377180341567682,0.15476485411239455
