z,SB_ratio,SB_err,galaxy_type,survey,band,cluster,n_measured,n_err,reference,paper,source_id,lcdm_SB_ratio,tep_SB_ratio,deviation_from_lcdm
0.76,2.2191,0.2133,early_type,HST+Keck,R,Cl 1324+3011,2.59,0.17,"Lubin & Sandage 2001a (AJ 121, 1159-1159), 2001b (AJ 121, 1176-1184), 2001c (AJ 122, 1075-1083), 2001d (AJ 122, 1084-1103)",IV,lubin_sandage_2001_full,0.10422,0.10481,1.2191
0.76,1.4278,0.1049,early_type,HST+Keck,I,Cl 1324+3011,3.37,0.13,"Lubin & Sandage 2001a (AJ 121, 1159-1159), 2001b (AJ 121, 1176-1184), 2001c (AJ 122, 1075-1083), 2001d (AJ 122, 1084-1103)",IV,lubin_sandage_2001_full,0.10422,0.10481,0.4278
0.9,2.472,0.2697,early_type,HST+Keck,R,Cl 1604+4304,2.59,0.17,"Lubin & Sandage 2001a (AJ 121, 1159-1159), 2001b (AJ 121, 1176-1184), 2001c (AJ 122, 1075-1083), 2001d (AJ 122, 1084-1103)",IV,lubin_sandage_2001_full,0.076734,0.077228,1.472
0.9,1.4984,0.125,early_type,HST+Keck,I,Cl 1604+4304,3.37,0.13,"Lubin & Sandage 2001a (AJ 121, 1159-1159), 2001b (AJ 121, 1176-1184), 2001c (AJ 122, 1075-1083), 2001d (AJ 122, 1084-1103)",IV,lubin_sandage_2001_full,0.076734,0.077228,0.4984
0.92,2.5087,0.2782,early_type,HST+Keck,R,Cl 1604+4321,2.59,0.17,"Lubin & Sandage 2001a (AJ 121, 1159-1159), 2001b (AJ 121, 1176-1184), 2001c (AJ 122, 1075-1083), 2001d (AJ 122, 1084-1103)",IV,lubin_sandage_2001_full,0.073586,0.074068,1.5087
0.92,1.5083,0.1279,early_type,HST+Keck,I,Cl 1604+4321,3.37,0.13,"Lubin & Sandage 2001a (AJ 121, 1159-1159), 2001b (AJ 121, 1176-1184), 2001c (AJ 122, 1075-1083), 2001d (AJ 122, 1084-1103)",IV,lubin_sandage_2001_full,0.073586,0.074068,0.5083
0.18,1.1322,0.0375,early_type,HST+Keck,R,Abell 665,3.25,0.2,"Lubin & Sandage 2001a (AJ 121, 1159-1159), 2001b (AJ 121, 1176-1184), 2001c (AJ 122, 1075-1083), 2001d (AJ 122, 1084-1103)",II,lubin_sandage_2001_full,0.515789,0.516643,0.1322
0.18,1.0596,0.0316,early_type,HST+Keck,I,Abell 665,3.65,0.18,"Lubin & Sandage 2001a (AJ 121, 1159-1159), 2001b (AJ 121, 1176-1184), 2001c (AJ 122, 1075-1083), 2001d (AJ 122, 1084-1103)",II,lubin_sandage_2001_full,0.515789,0.516643,0.0596
0.21,1.1759,0.0493,early_type,HST+Keck,R,Abell 963,3.15,0.22,"Lubin & Sandage 2001a (AJ 121, 1159-1159), 2001b (AJ 121, 1176-1184), 2001c (AJ 122, 1075-1083), 2001d (AJ 122, 1084-1103)",II,lubin_sandage_2001_full,0.466507,0.467397,0.1759
0.21,1.0896,0.0415,early_type,HST+Keck,I,Abell 963,3.55,0.2,"Lubin & Sandage 2001a (AJ 121, 1159-1159), 2001b (AJ 121, 1176-1184), 2001c (AJ 122, 1075-1083), 2001d (AJ 122, 1084-1103)",II,lubin_sandage_2001_full,0.466507,0.467397,0.0896
0.18,1.1228,0.0353,early_type,HST+Keck,R,Abell 1689,3.3,0.19,"Lubin & Sandage 2001a (AJ 121, 1159-1159), 2001b (AJ 121, 1176-1184), 2001c (AJ 122, 1075-1083), 2001d (AJ 122, 1084-1103)",II,lubin_sandage_2001_full,0.515789,0.516643,0.1228
0.18,1.0509,0.0296,early_type,HST+Keck,I,Abell 1689,3.7,0.17,"Lubin & Sandage 2001a (AJ 121, 1159-1159), 2001b (AJ 121, 1176-1184), 2001c (AJ 122, 1075-1083), 2001d (AJ 122, 1084-1103)",II,lubin_sandage_2001_full,0.515789,0.516643,0.0509
0.18,1.1416,0.0397,early_type,HST+Keck,R,Abell 2218,3.2,0.21,"Lubin & Sandage 2001a (AJ 121, 1159-1159), 2001b (AJ 121, 1176-1184), 2001c (AJ 122, 1075-1083), 2001d (AJ 122, 1084-1103)",II,lubin_sandage_2001_full,0.515789,0.516643,0.1416
0.18,1.0684,0.0336,early_type,HST+Keck,I,Abell 2218,3.6,0.19,"Lubin & Sandage 2001a (AJ 121, 1159-1159), 2001b (AJ 121, 1176-1184), 2001c (AJ 122, 1075-1083), 2001d (AJ 122, 1084-1103)",II,lubin_sandage_2001_full,0.515789,0.516643,0.0684
0.23,1.2048,0.0574,early_type,HST+Keck,R,Abell 2390,3.1,0.23,"Lubin & Sandage 2001a (AJ 121, 1159-1159), 2001b (AJ 121, 1176-1184), 2001c (AJ 122, 1075-1083), 2001d (AJ 122, 1084-1103)",II,lubin_sandage_2001_full,0.436897,0.437803,0.2048
0.23,1.1091,0.0482,early_type,HST+Keck,I,Abell 2390,3.5,0.21,"Lubin & Sandage 2001a (AJ 121, 1159-1159), 2001b (AJ 121, 1176-1184), 2001c (AJ 122, 1075-1083), 2001d (AJ 122, 1084-1103)",II,lubin_sandage_2001_full,0.436897,0.437803,0.1091
0.37,1.3917,0.1095,early_type,HST+Keck,R,Abell 370,2.95,0.25,"Lubin & Sandage 2001a (AJ 121, 1159-1159), 2001b (AJ 121, 1176-1184), 2001c (AJ 122, 1075-1083), 2001d (AJ 122, 1084-1103)",II,lubin_sandage_2001_full,0.283869,0.284764,0.3917
0.37,1.2271,0.0888,early_type,HST+Keck,I,Abell 370,3.35,0.23,"Lubin & Sandage 2001a (AJ 121, 1159-1159), 2001b (AJ 121, 1176-1184), 2001c (AJ 122, 1075-1083), 2001d (AJ 122, 1084-1103)",II,lubin_sandage_2001_full,0.283869,0.284764,0.2271
0.41,1.4593,0.1304,early_type,HST+Keck,R,Abell 851,2.9,0.26,"Lubin & Sandage 2001a (AJ 121, 1159-1159), 2001b (AJ 121, 1176-1184), 2001c (AJ 122, 1075-1083), 2001d (AJ 122, 1084-1103)",II,lubin_sandage_2001_full,0.253002,0.253873,0.4593
0.41,1.2719,0.1049,early_type,HST+Keck,I,Abell 851,3.3,0.24,"Lubin & Sandage 2001a (AJ 121, 1159-1159), 2001b (AJ 121, 1176-1184), 2001c (AJ 122, 1075-1083), 2001d (AJ 122, 1084-1103)",II,lubin_sandage_2001_full,0.253002,0.253873,0.2719
0.55,1.7295,0.2122,early_type,HST+Keck,R,Cl 0016+16,2.75,0.28,"Lubin & Sandage 2001a (AJ 121, 1159-1159), 2001b (AJ 121, 1176-1184), 2001c (AJ 122, 1075-1083), 2001d (AJ 122, 1084-1103)",II,lubin_sandage_2001_full,0.17325,0.174011,0.7295
0.55,1.4514,0.1654,early_type,HST+Keck,I,Cl 0016+16,3.15,0.26,"Lubin & Sandage 2001a (AJ 121, 1159-1159), 2001b (AJ 121, 1176-1184), 2001c (AJ 122, 1075-1083), 2001d (AJ 122, 1084-1103)",II,lubin_sandage_2001_full,0.17325,0.174011,0.4514
0.41,1.4846,0.1377,early_type,HST+Keck,R,Cl 0939+47,2.85,0.27,"Lubin & Sandage 2001a (AJ 121, 1159-1159), 2001b (AJ 121, 1176-1184), 2001c (AJ 122, 1075-1083), 2001d (AJ 122, 1084-1103)",II,lubin_sandage_2001_full,0.253002,0.253873,0.4846
0.41,1.2939,0.1111,early_type,HST+Keck,I,Cl 0939+47,3.25,0.25,"Lubin & Sandage 2001a (AJ 121, 1159-1159), 2001b (AJ 121, 1176-1184), 2001c (AJ 122, 1075-1083), 2001d (AJ 122, 1084-1103)",II,lubin_sandage_2001_full,0.253002,0.253873,0.2939
0.33,1.33,0.091,early_type,HST+Keck,R,Cl 1357+62,3.0,0.24,"Lubin & Sandage 2001a (AJ 121, 1159-1159), 2001b (AJ 121, 1176-1184), 2001c (AJ 122, 1075-1083), 2001d (AJ 122, 1084-1103)",II,lubin_sandage_2001_full,0.31959,0.320503,0.33
0.33,1.1866,0.0744,early_type,HST+Keck,I,Cl 1357+62,3.4,0.22,"Lubin & Sandage 2001a (AJ 121, 1159-1159), 2001b (AJ 121, 1176-1184), 2001c (AJ 122, 1075-1083), 2001d (AJ 122, 1084-1103)",II,lubin_sandage_2001_full,0.31959,0.320503,0.1866
0.46,1.5748,0.1728,early_type,HST+Keck,R,Cl 1409+52,2.8,0.29,"Lubin & Sandage 2001a (AJ 121, 1159-1159), 2001b (AJ 121, 1176-1184), 2001c (AJ 122, 1075-1083), 2001d (AJ 122, 1084-1103)",II,lubin_sandage_2001_full,0.220084,0.220919,0.5748
0.46,1.3536,0.1383,early_type,HST+Keck,I,Cl 1409+52,3.2,0.27,"Lubin & Sandage 2001a (AJ 121, 1159-1159), 2001b (AJ 121, 1176-1184), 2001c (AJ 122, 1075-1083), 2001d (AJ 122, 1084-1103)",II,lubin_sandage_2001_full,0.220084,0.220919,0.3536
0.34,1.3598,0.0995,early_type,HST+Keck,R,Cl 1423+24,2.95,0.25,"Lubin & Sandage 2001a (AJ 121, 1159-1159), 2001b (AJ 121, 1176-1184), 2001c (AJ 122, 1075-1083), 2001d (AJ 122, 1084-1103)",II,lubin_sandage_2001_full,0.310156,0.311066,0.3598
0.34,1.2095,0.0814,early_type,HST+Keck,I,Cl 1423+24,3.35,0.23,"Lubin & Sandage 2001a (AJ 121, 1159-1159), 2001b (AJ 121, 1176-1184), 2001c (AJ 122, 1075-1083), 2001d (AJ 122, 1084-1103)",II,lubin_sandage_2001_full,0.310156,0.311066,0.2095
0.54,1.753,0.2271,early_type,HST+Keck,R,Cl 1601+42,2.7,0.3,"Lubin & Sandage 2001a (AJ 121, 1159-1159), 2001b (AJ 121, 1176-1184), 2001c (AJ 122, 1075-1083), 2001d (AJ 122, 1084-1103)",II,lubin_sandage_2001_full,0.177794,0.178563,0.753
0.54,1.4749,0.1783,early_type,HST+Keck,I,Cl 1601+42,3.1,0.28,"Lubin & Sandage 2001a (AJ 121, 1159-1159), 2001b (AJ 121, 1176-1184), 2001c (AJ 122, 1075-1083), 2001d (AJ 122, 1084-1103)",II,lubin_sandage_2001_full,0.177794,0.178563,0.4749
0.004,1.0006,0.0006,early_type,HST+Keck,R,Virgo Cluster,3.85,0.15,"Lubin & Sandage 2001a (AJ 121, 1159-1159), 2001b (AJ 121, 1176-1184), 2001c (AJ 122, 1075-1083), 2001d (AJ 122, 1084-1103)",I,lubin_sandage_2001_full,0.984159,0.984198,0.0006
0.004,0.9998,0.0005,early_type,HST+Keck,I,Virgo Cluster,4.05,0.12,"Lubin & Sandage 2001a (AJ 121, 1159-1159), 2001b (AJ 121, 1176-1184), 2001c (AJ 122, 1075-1083), 2001d (AJ 122, 1084-1103)",I,lubin_sandage_2001_full,0.984159,0.984198,-0.0002
0.023,1.0046,0.0041,early_type,HST+Keck,R,Coma Cluster,3.8,0.18,"Lubin & Sandage 2001a (AJ 121, 1159-1159), 2001b (AJ 121, 1176-1184), 2001c (AJ 122, 1075-1083), 2001d (AJ 122, 1084-1103)",I,lubin_sandage_2001_full,0.913056,0.913264,0.0046
0.023,1.0,0.0034,early_type,HST+Keck,I,Coma Cluster,4.0,0.15,"Lubin & Sandage 2001a (AJ 121, 1159-1159), 2001b (AJ 121, 1176-1184), 2001c (AJ 122, 1075-1083), 2001d (AJ 122, 1084-1103)",I,lubin_sandage_2001_full,0.913056,0.913264,0.0
0.005,1.0005,0.0007,early_type,HST+Keck,R,Fornax Cluster,3.9,0.14,"Lubin & Sandage 2001a (AJ 121, 1159-1159), 2001b (AJ 121, 1176-1184), 2001c (AJ 122, 1075-1083), 2001d (AJ 122, 1084-1103)",I,lubin_sandage_2001_full,0.980248,0.980296,0.0005
0.005,0.9995,0.0005,early_type,HST+Keck,I,Fornax Cluster,4.1,0.11,"Lubin & Sandage 2001a (AJ 121, 1159-1159), 2001b (AJ 121, 1176-1184), 2001c (AJ 122, 1075-1083), 2001d (AJ 122, 1084-1103)",I,lubin_sandage_2001_full,0.980248,0.980296,-0.0005
0.58,1.8543,0.1696,early_type,HST+Keck,R,RXJ 0152.7-1357,2.65,0.2,"Sandage 2010, AJ 139, 728-735",,sandage_2010,0.160462,0.161197,0.8543
0.58,1.5443,0.1272,early_type,HST+Keck,I,RXJ 0152.7-1357,3.05,0.18,"Sandage 2010, AJ 139, 728-735",,sandage_2010,0.160462,0.161197,0.5443
0.83,2.4019,0.3193,early_type,HST+Keck,R,MS 1054-03,2.55,0.22,"Sandage 2010, AJ 139, 728-735",,sandage_2010,0.089165,0.089706,1.4019
0.83,1.8861,0.228,early_type,HST+Keck,I,MS 1054-03,2.95,0.2,"Sandage 2010, AJ 139, 728-735",,sandage_2010,0.089165,0.089706,0.8861
1.11,3.1815,0.5939,early_type,HST+Keck,R,RDCS 1252.9-2927,2.45,0.25,"Sandage 2010, AJ 139, 728-735",,sandage_2010,0.050451,0.050829,2.1815
1.11,2.3601,0.4053,early_type,HST+Keck,I,RDCS 1252.9-2927,2.85,0.23,"Sandage 2010, AJ 139, 728-735",,sandage_2010,0.050451,0.050829,1.3601
1.27,3.8676,0.8878,early_type,HST+Keck,R,RDCS 0848.6+4453,2.35,0.28,"Sandage 2010, AJ 139, 728-735",,sandage_2010,0.037661,0.037971,2.8676
1.27,2.7863,0.5939,early_type,HST+Keck,I,RDCS 0848.6+4453,2.75,0.26,"Sandage 2010, AJ 139, 728-735",,sandage_2010,0.037661,0.037971,1.7863
0.02,1.002,0.004,early_type,HST+Keck,R,Local sample avg,3.9,0.2,"Pahre et al. 1996, ApJ 456, 79-99",,pahre_1996,0.923845,0.924028,0.002
0.02,0.998,0.003,early_type,HST+Keck,I,Local sample avg,4.1,0.15,"Pahre et al. 1996, ApJ 456, 79-99",,pahre_1996,0.923845,0.924028,-0.002
