name,z,D_A,D_A_err,survey,eta_obs,eta_err
Abell 2204,0.152,405.0,45.0,SZ/X-ray,1.26841981716592,0.14200023858274802
Abell 1689,0.183,485.0,50.0,SZ/X-ray,1.2535080657742623,0.12999441316444635
Abell 1835,0.252,580.0,60.0,SZ/X-ray,1.3428870251092202,0.13984018291703504
RXJ 1347,0.451,950.0,95.0,SZ/X-ray,1.1708373547231703,0.11991263800863976
Abell 1914,0.171,455.0,48.0,SZ/X-ray,1.280417996852701,0.13611269727124647
Abell 2163,0.203,520.0,55.0,SZ/X-ray,1.2622770535089236,0.13447440649251194
Abell 2261,0.224,555.0,58.0,SZ/X-ray,1.2778979729883122,0.1346351997663489
Abell 2390,0.228,560.0,59.0,SZ/X-ray,1.2824336363465305,0.13607976719385573
Abell 2537,0.295,650.0,68.0,SZ/X-ray,1.3344340236997976,0.14092082435951486
Abell 2631,0.278,625.0,65.0,SZ/X-ray,1.313864890509345,0.13818977644529826
Abell 2667,0.226,558.0,58.0,SZ/X-ray,1.2700398870919785,0.13302579142242735
Abell 2697,0.232,565.0,60.0,SZ/X-ray,1.278034379191517,0.1368712971731183
Abell 2744,0.308,670.0,70.0,SZ/X-ray,1.356213836484659,0.14294192495777863
Abell 2813,0.292,645.0,67.0,SZ/X-ray,1.3348163958625716,0.14004386584200917
Abell 3112,0.075,220.0,25.0,SZ/X-ray,1.2665533903605184,0.14520894180053515
Abell 3158,0.06,180.0,20.0,SZ/X-ray,1.207479067035373,0.1350511438665631
Abell 3266,0.118,340.0,35.0,SZ/X-ray,1.2661637909493562,0.13224010539616174
Abell 3376,0.046,145.0,16.0,SZ/X-ray,1.1770492330992144,0.13029703330324313
Abell 3404,0.042,135.0,15.0,SZ/X-ray,1.1548046173802915,0.12863779508199077
Abell 3497,0.14,380.0,40.0,SZ/X-ray,1.3145386731312452,0.1396604100837099
